"ID	label	sector"
"0	AA	MetalsMining"
"1	AACG	DiversifiedConsumerServices"
"2	AAIC	MortgageRealEstateInvestmentTrust"
"3	AAL	Airlines"
"4	AAME	Insurance"
"5	AAON	BuildingProducts"
"6	AAP	SpecialtyRetail"
"7	AAPL	TechnologyHardwareStoragePeriph"
"8	AATC	ScientificTechnicalInstruments"
"9	AAU	MetalsMining"
"10	AAWW	AirFreightLogistics"
"11	AB	CapitalMarkets"
"12	ABB	ElectricalEquipment"
"13	ABC	HealthCareProvidersServices"
"14	ABCB	Banks"
"15	ABEO	Biotechnology"
"16	ABEV	Beverages"
"17	ABG	SpecialtyRetail"
"18	ABIO	Biotechnology"
"19	ABM	CommercialServicesSupplies"
"20	ABMD	HealthCareEquipmentSupplies"
"21	ABR	MortgageRealEstateInvestmentTrust"
"22	ABST	SoftwareApplication"
"23	ABT	HealthCareEquipmentSupplies"
"24	ABUS	Biotechnology"
"25	ABVC	Biotechnology"
"26	ACAD	Biotechnology"
"27	ACC	BuildingProducts"
"28	ACCO	CommercialServicesSupplies"
"29	ACER	Pharmaceuticals"
"30	ACGL	Insurance"
"31	ACH	MetalsMining"
"32	ACHC	HealthCareProvidersServices"
"33	ACHV	Biotechnology"
"34	ACIW	Software"
"35	ACLS	SemiconductorsSemiconductorEquipment"
"36	ACM	ConstructionEngineering"
"37	ACN	ITServices"
"38	ACNB	Banks"
"39	ACOR	Biotechnology"
"40	ACR	MortgageRealEstateInvestmentTrust"
"41	ACTG	ProfessionalServices"
"42	ACU	CommercialServicesSupplies"
"43	ADBE	Software"
"44	ADC	EquityRealEstateInvestmentTrusts"
"45	ADES	Chemicals"
"46	ADI	SemiconductorsSemiconductorEquipment"
"47	ADM	FoodProducts"
"48	ADMP	Pharmaceuticals"
"49	ADP	ITServices"
"50	ADSK	Software"
"51	ADTN	CommunicationsEquipment"
"52	ADUS	HealthCareProvidersServices"
"53	ADX	ETF"
"54	AE	OilGasConsumableFuels"
"55	AEE	MultiUtilities"
"56	AEF	ETF"
"57	AEG	Insurance"
"58	AEHL	BuildingProductsEquipment"
"59	AEHR	SemiconductorsSemiconductorEquipment"
"60	AEIS	SemiconductorsSemiconductorEquipment"
"61	AEL	Insurance"
"62	AEM	MetalsMining"
"63	AEMD	HealthCareEquipmentSupplies"
"64	AEO	SpecialtyRetail"
"65	AEP	ElectricUtilities"
"66	AER	TradingCompaniesDistributors"
"67	AES	IndependentPowerandRenewableElect"
"68	AEY	ElectronicEquipmentInstrumentsC"
"69	AEZS	Biotechnology"
"70	AFB	ETF"
"71	AFG	Insurance"
"72	AFL	Insurance"
"73	AG	MetalsMining"
"74	AGCO	Machinery"
"75	AGD	ETF"
"76	AGEN	Biotechnology"
"77	AGI	MetalsMining"
"78	AGM	ThriftsMortgageFinance"
"79	AGNC	MortgageRealEstateInvestmentTrust"
"80	AGO	Insurance"
"81	AGX	ConstructionEngineering"
"82	AGYS	Software"
"83	AHPI	HealthCareEquipmentSupplies"
"84	AHT	EquityRealEstateInvestmentTrusts"
"85	AIG	Insurance"
"86	AIKI	Biotechnology"
"87	AIM	Biotechnology"
"88	AIMC	Machinery"
"89	AIN	Machinery"
"90	AINV	ETF"
"91	AIR	AerospaceDefense"
"92	AIRI	AerospaceDefense"
"93	AIRT	AirFreightLogistics"
"94	AIT	TradingCompaniesDistributors"
"95	AIV	EquityRealEstateInvestmentTrusts"
"96	AIZ	Insurance"
"97	AJG	Insurance"
"98	AJRD	AerospaceDefense"
"99	AKAM	ITServices"
"100	AKR	EquityRealEstateInvestmentTrusts"
"101	ALB	Chemicals"
"102	ALBO	Biotechnology"
"103	ALCO	FoodProducts"
"104	ALE	ElectricUtilities"
"105	ALG	Machinery"
"106	ALGN	HealthCareEquipmentSupplies"
"107	ALGT	Airlines"
"108	ALJJ	ETF"
"109	ALK	Airlines"
"110	ALKS	Biotechnology"
"111	ALLT	Software"
"112	ALNY	Biotechnology"
"113	ALOT	TechnologyHardwareStoragePeriph"
"114	ALRS	DiversifiedFinancialServices"
"115	ALTO	OilGasConsumableFuels"
"116	ALV	AutoComponents"
"117	ALX	EquityRealEstateInvestmentTrusts"
"118	ALYA	ITServices"
"119	AMAT	SemiconductorsSemiconductorEquipment"
"120	AMD	SemiconductorsSemiconductorEquipment"
"121	AME	ElectricalEquipment"
"122	AMED	HealthCareProvidersServices"
"123	AMEH	HealthCareProvidersServices"
"124	AMG	CapitalMarkets"
"125	AMGN	Biotechnology"
"126	AMKR	SemiconductorsSemiconductorEquipment"
"127	AMN	HealthCareProvidersServices"
"128	AMNB	Banks"
"129	AMOT	ElectricalEquipment"
"130	AMOV	WirelessTelecommunicationServices"
"131	AMP	CapitalMarkets"
"132	AMRN	Biotechnology"
"133	AMS	HealthCareProvidersServices"
"134	AMSC	ElectricalEquipment"
"135	AMSF	Insurance"
"136	AMSWA	Software"
"137	AMT	EquityRealEstateInvestmentTrusts"
"138	AMTX	OilGasConsumableFuels"
"139	AMWD	BuildingProducts"
"140	AMX	WirelessTelecommunicationServices"
"141	AMZN	InternetDirectMarketingRetail"
"142	ANDE	FoodStaplesRetailing"
"143	ANF	SpecialtyRetail"
"144	ANGO	HealthCareEquipmentSupplies"
"145	ANIK	Biotechnology"
"146	ANIP	Pharmaceuticals"
"147	ANIX	Biotechnology"
"148	ANSS	Software"
"149	ANTE	Media"
"150	AOD	ETF"
"151	AON	Insurance"
"152	AOS	BuildingProducts"
"153	AP	MetalsMining"
"154	APA	OilGasConsumableFuels"
"155	APD	Chemicals"
"156	APDN	ElectronicEquipmentInstrumentsC"
"157	APEI	DiversifiedConsumerServices"
"158	APEN	HealthCareEquipmentSupplies"
"159	APH	ElectronicEquipmentInstrumentsC"
"160	APOG	BuildingProducts"
"161	APPS	Software"
"162	APT	BuildingProducts"
"163	APTO	Biotechnology"
"164	APWC	ElectricalEquipment"
"165	AQN	MultiUtilities"
"166	ARAY	HealthCareEquipmentSupplies"
"167	ARC	CommercialServicesSupplies"
"168	ARCB	RoadRail"
"169	ARCC	CapitalMarkets"
"170	ARGO	Insurance"
"171	ARI	MortgageRealEstateInvestmentTrust"
"172	ARKR	HotelsRestaurantsLeisure"
"173	ARL	RealEstateManagementDevelopment"
"174	ARLP	OilGasConsumableFuels"
"175	ARMP	Biotechnology"
"176	AROC	EnergyEquipmentServices"
"177	AROW	Banks"
"178	ARR	MortgageRealEstateInvestmentTrust"
"179	ARTNA	WaterUtilities"
"180	ARTW	Machinery"
"181	ARW	ElectronicEquipmentInstrumentsC"
"182	ARWR	Biotechnology"
"183	ASA	CapitalMarkets"
"184	ASB	Banks"
"185	ASG	ETF"
"186	ASGN	ProfessionalServices"
"187	ASH	Chemicals"
"188	ASM	MetalsMining"
"189	ASML	SemiconductorsSemiconductorEquipment"
"190	ASPS	RealEstateManagementDevelopment"
"191	ASR	TransportationInfrastructure"
"192	ASRT	Pharmaceuticals"
"193	ASRV	Banks"
"194	ASTC	AerospaceDefense"
"195	ASTE	Machinery"
"196	ASUR	Software"
"197	ASX	SemiconductorsSemiconductorEquipment"
"198	ASXC	MedicalDevices"
"199	ASYS	SemiconductorsSemiconductorEquipment"
"200	ATAX	ThriftsMortgageFinance"
"201	ATCO	Marine"
"202	ATEC	HealthCareEquipmentSupplies"
"203	ATGE	DiversifiedConsumerServices"
"204	ATHE	Biotechnology"
"205	ATHX	Biotechnology"
"206	ATI	MetalsMining"
"207	ATLC	ConsumerFinance"
"208	ATLO	Banks"
"209	ATNI	DiversifiedTelecommunicationServices"
"210	ATO	GasUtilities"
"211	ATR	ContainersPackaging"
"212	ATRC	HealthCareEquipmentSupplies"
"213	ATRI	HealthCareEquipmentSupplies"
"214	ATRO	AerospaceDefense"
"215	ATSG	AirFreightLogistics"
"216	ATVI	Entertainment"
"217	AU	MetalsMining"
"218	AUB	Banks"
"219	AUBN	Banks"
"220	AUD	Media"
"221	AUDC	CommunicationsEquipment"
"222	AUMN	MetalsMining"
"223	AUTO	SpecialtyRetail"
"224	AUY	MetalsMining"
"225	AVA	MultiUtilities"
"226	AVAV	AerospaceDefense"
"227	AVB	EquityRealEstateInvestmentTrusts"
"228	AVD	Chemicals"
"229	AVDL	Pharmaceuticals"
"230	AVGO	SemiconductorsSemiconductorEquipment"
"231	AVID	TechnologyHardwareStoragePeriph"
"232	AVK	ETF"
"233	AVNT	Chemicals"
"234	AVNW	CommunicationsEquipment"
"235	AVT	ElectronicEquipmentInstrumentsC"
"236	AVXL	Biotechnology"
"237	AVY	ContainersPackaging"
"238	AWF	ETF"
"239	AWH	HealthCareEquipmentSupplies"
"240	AWI	BuildingProducts"
"241	AWK	WaterUtilities"
"242	AWP	EquityRealEstateInvestmentTrusts"
"243	AWR	WaterUtilities"
"244	AWRE	Software"
"245	AWX	CommercialServicesSupplies"
"246	AX	ThriftsMortgageFinance"
"247	AXDX	LifeSciencesToolsServices"
"248	AXGN	HealthCareEquipmentSupplies"
"249	AXL	AutoComponents"
"250	AXON	AerospaceDefense"
"251	AXP	ConsumerFinance"
"252	AXR	CommercialServicesSupplies"
"253	AXS	Insurance"
"254	AXTI	SemiconductorsSemiconductorEquipment"
"255	AXU	Banks"
"256	AYI	ElectricalEquipment"
"257	AYRO	AutoManufacturers"
"258	AYTU	Pharmaceuticals"
"259	AZN	Pharmaceuticals"
"260	AZO	SpecialtyRetail"
"261	AZPN	Software"
"262	AZTA	MedicalInstrumentsSupplies"
"263	AZZ	ElectricalEquipment"
"264	B	Machinery"
"265	BA	AerospaceDefense"
"266	BAC	Banks"
"267	BAK	Chemicals"
"268	BAM	CapitalMarkets"
"269	BANC	Banks"
"270	BANF	Banks"
"271	BANFP	ETF"
"272	BANR	Banks"
"273	BAP	Banks"
"274	BAX	HealthCareEquipmentSupplies"
"275	BB	Software"
"276	BBAR	Banks"
"277	BBBY	SpecialtyRetail"
"278	BBD	Banks"
"279	BBDC	CapitalMarkets"
"280	BBGI	Media"
"281	BBI	Biotechnology"
"282	BBQ	ETF"
"283	BBSI	ProfessionalServices"
"284	BBVA	Banks"
"285	BBW	SpecialtyRetail"
"286	BBWI	SpecialtyRetail"
"287	BBY	SpecialtyRetail"
"288	BC	LeisureProducts"
"289	BCBP	Banks"
"290	BCDA	Biotechnology"
"291	BCE	DiversifiedTelecommunicationServices"
"292	BCH	Banks"
"293	BCLI	Biotechnology"
"294	BCML	Banks"
"295	BCO	CommercialServicesSupplies"
"296	BCOR	CapitalMarkets"
"297	BCPC	Chemicals"
"298	BCRX	Biotechnology"
"299	BCS	Banks"
"300	BCV	ETF"
"301	BDC	ElectronicEquipmentInstrumentsC"
"302	BDJ	ETF"
"303	BDL	HotelsRestaurantsLeisure"
"304	BDN	EquityRealEstateInvestmentTrusts"
"305	BDSI	ETF"
"306	BDX	HealthCareEquipmentSupplies"
"307	BECN	TradingCompaniesDistributors"
"308	BELFA	ElectronicComponents"
"309	BELFB	ElectronicEquipmentInstrumentsC"
"310	BEN	CapitalMarkets"
"311	BEP	IndependentPowerandRenewableElect"
"312	BFC	Banks"
"313	BFIN	Banks"
"314	BFK	ETF"
"315	BFS	EquityRealEstateInvestmentTrusts"
"316	BFZ	ETF"
"317	BG	FoodProducts"
"318	BGCP	CapitalMarkets"
"319	BGFV	SpecialtyRetail"
"320	BGI	SpecialtyRetail"
"321	BGR	ETF"
"322	BGS	FoodProducts"
"323	BGT	ETF"
"324	BGY	ETF"
"325	BH	HotelsRestaurantsLeisure"
"326	BHB	Banks"
"327	BHC	Pharmaceuticals"
"328	BHE	ElectronicEquipmentInstrumentsC"
"329	BHK	ETF"
"330	BHLB	Banks"
"331	BHP	MetalsMining"
"332	BHV	ETF"
"333	BIDU	InteractiveMediaServices"
"334	BIIB	Biotechnology"
"335	BIMI	Machinery"
"336	BIO	LifeSciencesToolsServices"
"337	BIOL	HealthCareEquipmentSupplies"
"338	BIP	MultiUtilities"
"339	BJRI	HotelsRestaurantsLeisure"
"340	BK	CapitalMarkets"
"341	BKCC	CapitalMarkets"
"342	BKD	HealthCareProvidersServices"
"343	BKE	SpecialtyRetail"
"344	BKEP	EnergyEquipmentServices"
"345	BKH	MultiUtilities"
"346	BKN	ETF"
"347	BKNG	InternetDirectMarketingRetail"
"348	BKR	EnergyEquipmentServices"
"349	BKSC	Banks"
"350	BKT	ETF"
"351	BKTI	CommunicationsEquipment"
"352	BKYI	Software"
"353	BLDP	ElectricalEquipment"
"354	BLDR	BuildingProducts"
"355	BLE	ETF"
"356	BLFS	HealthCareEquipmentSupplies"
"357	BLIN	Software"
"358	BLK	CapitalMarkets"
"359	BLKB	Software"
"360	BLNK	SpecialtyRetail"
"361	BLU	Biotechnology"
"362	BLW	ETF"
"363	BLX	DiversifiedFinancialServices"
"364	BMA	Banks"
"365	BME	ETF"
"366	BMI	ElectronicEquipmentInstrumentsC"
"367	BMO	Banks"
"368	BMRA	HealthCareEquipmentSupplies"
"369	BMRC	Banks"
"370	BMRN	Biotechnology"
"371	BMY	Pharmaceuticals"
"372	BNS	Banks"
"373	BNSO	ElectronicEquipmentInstrumentsC"
"374	BNY	Banks"
"375	BOE	ETF"
"376	BOH	Banks"
"377	BOKF	Banks"
"378	BOOM	EnergyEquipmentServices"
"379	BOSC	CommunicationsEquipment"
"380	BOTJ	Banks"
"381	BP	OilGasConsumableFuels"
"382	BPOP	Banks"
"383	BPOPM	ETF"
"384	BPT	OilGasConsumableFuels"
"385	BPTH	Biotechnology"
"386	BR	ITServices"
"387	BRC	CommercialServicesSupplies"
"388	BRCN	FoodProducts"
"389	BRFS	FoodProducts"
"390	BRID	FoodProducts"
"391	BRKL	Banks"
"392	BRKR	LifeSciencesToolsServices"
"393	BRN	OilGasConsumableFuels"
"394	BRO	Insurance"
"395	BRT	EquityRealEstateInvestmentTrusts"
"396	BRW	ETF"
"397	BSAC	Banks"
"398	BSBR	Banks"
"399	BSET	HouseholdDurables"
"400	BSQR	Software"
"401	BSRR	Banks"
"402	BSX	HealthCareEquipmentSupplies"
"403	BTA	ETF"
"404	BTG	MetalsMining"
"405	BTI	Tobacco"
"406	BTN	Entertainment"
"407	BTO	MetalsMining"
"408	BTX	Biotechnology"
"409	BTZ	ETF"
"410	BUD	Beverages"
"411	BUSE	Banks"
"412	BVH	HotelsRestaurantsLeisure"
"413	BVN	MetalsMining"
"414	BWA	AutoComponents"
"415	BWEN	ElectricalEquipment"
"416	BX	CapitalMarkets"
"417	BXC	TradingCompaniesDistributors"
"418	BXMT	MortgageRealEstateInvestmentTrust"
"419	BXMX	ETF"
"420	BXP	EquityRealEstateInvestmentTrusts"
"421	BYD	HotelsRestaurantsLeisure"
"422	BYFC	ThriftsMortgageFinance"
"423	BYM	ETF"
"424	BYRN	AerospaceDefense"
"425	BZH	HouseholdDurables"
"426	C	Banks"
"427	CAAS	AutoComponents"
"428	CAC	Banks"
"429	CACC	ConsumerFinance"
"430	CACI	ITServices"
"431	CADE	Banks"
"432	CAE	AerospaceDefense"
"433	CAF	ETF"
"434	CAG	FoodProducts"
"435	CAH	HealthCareProvidersServices"
"436	CAJ	TechnologyHardwareStoragePeriph"
"437	CAKE	HotelsRestaurantsLeisure"
"438	CAL	SpecialtyRetail"
"439	CALM	FoodProducts"
"440	CAMP	CommunicationsEquipment"
"441	CAMT	SemiconductorsSemiconductorEquipment"
"442	CAPR	Biotechnology"
"443	CAR	RoadRail"
"444	CARE	Banks"
"445	CARV	ThriftsMortgageFinance"
"446	CASI	Biotechnology"
"447	CASS	ITServices"
"448	CASY	FoodStaplesRetailing"
"449	CAT	Machinery"
"450	CATC	Banks"
"451	CATO	SpecialtyRetail"
"452	CATY	Banks"
"453	CB	Insurance"
"454	CBAN	Banks"
"455	CBAT	ElectricalEquipment"
"456	CBD	FoodStaplesRetailing"
"457	CBFV	Banks"
"458	CBIO	Biotechnology"
"459	CBRE	RealEstateManagementDevelopment"
"460	CBRL	HotelsRestaurantsLeisure"
"461	CBSH	Banks"
"462	CBT	Chemicals"
"463	CBU	Banks"
"464	CBZ	ProfessionalServices"
"465	CCBG	Banks"
"466	CCEL	HealthCareProvidersServices"
"467	CCEP	Beverages"
"468	CCF	Chemicals"
"469	CCI	EquityRealEstateInvestmentTrusts"
"470	CCJ	OilGasConsumableFuels"
"471	CCK	ContainersPackaging"
"472	CCL	HotelsRestaurantsLeisure"
"473	CCM	HealthCareProvidersServices"
"474	CCNE	Banks"
"475	CCO	Media"
"476	CCOI	DiversifiedTelecommunicationServices"
"477	CCRN	HealthCareProvidersServices"
"478	CCU	Beverages"
"479	CDE	MetalsMining"
"480	CDMO	Biotechnology"
"481	CDNS	Software"
"482	CDR	Software"
"483	CDXC	LifeSciencesToolsServices"
"484	CDZI	WaterUtilities"
"485	CE	Chemicals"
"486	CEA	Airlines"
"487	CECE	CommercialServicesSupplies"
"488	CEE	MetalsMining"
"489	CEI	OilGasConsumableFuels"
"490	CELH	Beverages"
"491	CEMI	HealthCareEquipmentSupplies"
"492	CENT	HouseholdProducts"
"493	CENTA	HouseholdProducts"
"494	CENX	MetalsMining"
"495	CEQP	OilGasConsumableFuels"
"496	CERS	HealthCareEquipmentSupplies"
"497	CET	AssetManagement"
"498	CEV	ETF"
"499	CEVA	SemiconductorsSemiconductorEquipment"
"500	CF	Chemicals"
"501	CFBK	ThriftsMortgageFinance"
"502	CFFI	Banks"
"503	CFFN	ThriftsMortgageFinance"
"504	CFR	Banks"
"505	CGA	Chemicals"
"506	CGAU	Gold"
"507	CGEN	LifeSciencesToolsServices"
"508	CGNX	ElectronicEquipmentInstrumentsC"
"509	CGO	TelecomServices"
"510	CGRN	SpecialtyIndustrialMachinery"
"511	CHCI	HouseholdDurables"
"512	CHCO	Banks"
"513	CHD	HouseholdProducts"
"514	CHDN	HotelsRestaurantsLeisure"
"515	CHE	HealthCareProvidersServices"
"516	CHH	HotelsRestaurantsLeisure"
"517	CHI	ETF"
"518	CHKP	Software"
"519	CHMG	Banks"
"520	CHN	ETF"
"521	CHNR	MetalsMining"
"522	CHRW	AirFreightLogistics"
"523	CHS	SpecialtyRetail"
"524	CHSCP	FoodStaplesRetailing"
"525	CHT	DiversifiedTelecommunicationServices"
"526	CHTR	Media"
"527	CHW	ETF"
"528	CHY	ETF"
"529	CI	HealthCareProvidersServices"
"530	CIA	Insurance"
"531	CIB	Banks"
"532	CIDM	Entertainment"
"533	CIEN	CommunicationsEquipment"
"534	CIF	ETF"
"535	CIG	ElectricUtilities"
"536	CIGI	RealEstateManagementDevelopment"
"537	CII	ETF"
"538	CIK	ETF"
"539	CIM	MortgageRealEstateInvestmentTrust"
"540	CINF	Insurance"
"541	CIR	Machinery"
"542	CIVB	Banks"
"543	CIX	CommercialServicesSupplies"
"544	CIZN	Banks"
"545	CJJD	FoodStaplesRetailing"
"546	CKX	RealEstateManagementDevelopment"
"547	CL	HouseholdProducts"
"548	CLAR	LeisureProducts"
"549	CLB	EnergyEquipmentServices"
"550	CLBS	Biotechnology"
"551	CLDX	Biotechnology"
"552	CLF	MetalsMining"
"553	CLFD	CommunicationsEquipment"
"554	CLH	CommercialServicesSupplies"
"555	CLM	ETF"
"556	CLMT	OilGasConsumableFuels"
"557	CLNE	OilGasConsumableFuels"
"558	CLR	OilGasConsumableFuels"
"559	CLRB	Biotechnology"
"560	CLRO	CommunicationsEquipment"
"561	CLS	ElectronicEquipmentInstrumentsC"
"562	CLSN	Biotechnology"
"563	CLW	PaperForestProducts"
"564	CLWT	TradingCompaniesDistributors"
"565	CLX	HouseholdProducts"
"566	CM	Banks"
"567	CMA	Banks"
"568	CMC	MetalsMining"
"569	CMCL	MetalsMining"
"570	CMCO	Machinery"
"571	CMCSA	Media"
"572	CMCT	EquityRealEstateInvestmentTrusts"
"573	CME	CapitalMarkets"
"574	CMG	HotelsRestaurantsLeisure"
"575	CMI	Machinery"
"576	CMP	MetalsMining"
"577	CMPR	CommercialServicesSupplies"
"578	CMS	MultiUtilities"
"579	CMT	Chemicals"
"580	CMTL	CommunicationsEquipment"
"581	CMU	ETF"
"582	CNA	Insurance"
"583	CNC	HealthCareProvidersServices"
"584	CNET	Media"
"585	CNI	RoadRail"
"586	CNK	Entertainment"
"587	CNMD	HealthCareEquipmentSupplies"
"588	CNO	Insurance"
"589	CNOB	Banks"
"590	CNP	MultiUtilities"
"591	CNQ	OilGasConsumableFuels"
"592	CNS	CapitalMarkets"
"593	CNSL	DiversifiedTelecommunicationServices"
"594	CNTY	HotelsRestaurantsLeisure"
"595	CNX	OilGasConsumableFuels"
"596	CNXN	ElectronicEquipmentInstrumentsC"
"597	CO	HealthCareProvidersServices"
"598	COCP	Pharmaceuticals"
"599	CODA	ElectronicEquipmentInstrumentsC"
"600	CODI	DiversifiedFinancialServices"
"601	COF	ConsumerFinance"
"602	COFS	Banks"
"603	COHN	CapitalMarkets"
"604	COHR	ElectronicEquipmentInstrumentsC"
"605	COHU	SemiconductorsSemiconductorEquipment"
"606	COKE	Beverages"
"607	COLB	Banks"
"608	COLM	TextilesApparelLuxuryGoods"
"609	COMS	TelecomServices"
"610	CONN	SpecialtyRetail"
"611	COO	HealthCareEquipmentSupplies"
"612	COP	OilGasConsumableFuels"
"613	CORR	EquityRealEstateInvestmentTrusts"
"614	CORT	Pharmaceuticals"
"615	COWN	CapitalMarkets"
"616	CP	RoadRail"
"617	CPA	Airlines"
"618	CPB	FoodProducts"
"619	CPE	OilGasConsumableFuels"
"620	CPF	Banks"
"621	CPG	OilGasConsumableFuels"
"622	CPHC	HotelsRestaurantsLeisure"
"623	CPHI	Pharmaceuticals"
"624	CPIX	Pharmaceuticals"
"625	CPK	GasUtilities"
"626	CPLP	OilGasConsumableFuels"
"627	CPRT	CommercialServicesSupplies"
"628	CPRX	Biotechnology"
"629	CPSH	ElectronicEquipmentInstrumentsC"
"630	CPSI	HealthCareTechnology"
"631	CPSS	ConsumerFinance"
"632	CPT	EquityRealEstateInvestmentTrusts"
"633	CQP	OilGasConsumableFuels"
"634	CR	Machinery"
"635	CRAI	ProfessionalServices"
"636	CRDF	Biotechnology"
"637	CREG	CommercialServicesSupplies"
"638	CRESY	RealEstateManagementDevelopment"
"639	CREX	Media"
"640	CRF	ETF"
"641	CRH	ConstructionMaterials"
"642	CRI	TextilesApparelLuxuryGoods"
"643	CRIS	Biotechnology"
"644	CRK	OilGasConsumableFuels"
"645	CRL	LifeSciencesToolsServices"
"646	CRM	Software"
"647	CRMT	SpecialtyRetail"
"648	CRNT	CommunicationsEquipment"
"649	CROX	TextilesApparelLuxuryGoods"
"650	CRS	MetalsMining"
"651	CRT	OilGasConsumableFuels"
"652	CRUS	SemiconductorsSemiconductorEquipment"
"653	CRVL	HealthCareProvidersServices"
"654	CRWS	TextilesApparelLuxuryGoods"
"655	CS	CapitalMarkets"
"656	CSBR	LifeSciencesToolsServices"
"657	CSCO	CommunicationsEquipment"
"658	CSCW	Entertainment"
"659	CSGP	ProfessionalServices"
"660	CSGS	ITServices"
"661	CSII	HealthCareEquipmentSupplies"
"662	CSIQ	SemiconductorsSemiconductorEquipment"
"663	CSL	IndustrialConglomerates"
"664	CSPI	ITServices"
"665	CSQ	ETF"
"666	CSR	ElectronicEquipmentInstrumentsC"
"667	CSV	DiversifiedConsumerServices"
"668	CSWC	CapitalMarkets"
"669	CSX	RoadRail"
"670	CTAS	CommercialServicesSupplies"
"671	CTBI	Banks"
"672	CTEK	EnergyEquipmentServices"
"673	CTG	ITServices"
"674	CTHR	TextilesApparelLuxuryGoods"
"675	CTIB	HouseholdDurables"
"676	CTIC	Biotechnology"
"677	CTLP	InformationTechnologyServices"
"678	CTO	RealEstateManagementDevelopment"
"679	CTRA	OilGasConsumableFuels"
"680	CTRN	SpecialtyRetail"
"681	CTS	ElectronicEquipmentInstrumentsC"
"682	CTSH	ITServices"
"683	CTSO	HealthCareEquipmentSupplies"
"684	CTXS	InformationTechnologyServices"
"685	CUBA	ETF"
"686	CUBE	EquityRealEstateInvestmentTrusts"
"687	CUEN	DiversifiedTelecommunicationServices"
"688	CUK	HotelsRestaurantsLeisure"
"689	CULL	Banks"
"690	CULP	TextilesApparelLuxuryGoods"
"691	CUTR	HealthCareEquipmentSupplies"
"692	CUZ	EquityRealEstateInvestmentTrusts"
"693	CVBF	Banks"
"694	CVCO	HouseholdDurables"
"695	CVCY	Banks"
"696	CVE	OilGasConsumableFuels"
"697	CVGI	Machinery"
"698	CVGW	FoodProducts"
"699	CVI	OilGasConsumableFuels"
"700	CVLG	RoadRail"
"701	CVLT	Software"
"702	CVLY	Banks"
"703	CVM	Biotechnology"
"704	CVR	Machinery"
"705	CVS	HealthCareProvidersServices"
"706	CVU	AerospaceDefense"
"707	CVV	SemiconductorsSemiconductorEquipment"
"708	CVX	OilGasConsumableFuels"
"709	CW	AerospaceDefense"
"710	CWBC	Banks"
"711	CWCO	WaterUtilities"
"712	CWST	CommercialServicesSupplies"
"713	CWT	WaterUtilities"
"714	CX	ConstructionMaterials"
"715	CXE	ETF"
"716	CXH	ETF"
"717	CXW	EquityRealEstateInvestmentTrusts"
"718	CYAN	PersonalProducts"
"719	CYBE	SemiconductorsSemiconductorEquipment"
"720	CYCC	Biotechnology"
"721	CYCCP	Pharmaceuticals"
"722	CYD	Machinery"
"723	CYH	HealthCareProvidersServices"
"724	CYRN	Software"
"725	CYRX	HealthCareEquipmentSupplies"
"726	CYTH	DrugManufacturersSpecialtyGeneric"
"727	CYTK	Biotechnology"
"728	CZNC	Banks"
"729	CZWI	Banks"
"730	D	MultiUtilities"
"731	DAC	Marine"
"732	DAIO	ElectronicEquipmentInstrumentsC"
"733	DAKT	ElectronicEquipmentInstrumentsC"
"734	DAL	Airlines"
"735	DAN	AutoComponents"
"736	DAR	FoodProducts"
"737	DB	CapitalMarkets"
"738	DBD	TechnologyHardwareStoragePeriph"
"739	DBI	SpecialtyRetail"
"740	DCI	Machinery"
"741	DCO	AerospaceDefense"
"742	DCOM	ThriftsMortgageFinance"
"743	DCP	OilGasConsumableFuels"
"744	DDF	ETF"
"745	DDS	MultilineRetail"
"746	DDT	ETF"
"747	DE	Machinery"
"748	DECK	TextilesApparelLuxuryGoods"
"749	DEI	EquityRealEstateInvestmentTrusts"
"750	DENN	HotelsRestaurantsLeisure"
"751	DEO	Beverages"
"752	DEX	ETF"
"753	DFFN	Biotechnology"
"754	DFS	ConsumerFinance"
"755	DG	MultilineRetail"
"756	DGICA	Insurance"
"757	DGICB	Insurance"
"758	DGII	CommunicationsEquipment"
"759	DGLY	ElectronicEquipmentInstrumentsC"
"760	DGX	HealthCareProvidersServices"
"761	DHC	EquityRealEstateInvestmentTrusts"
"762	DHF	ETF"
"763	DHI	HouseholdDurables"
"764	DHIL	CapitalMarkets"
"765	DHR	HealthCareEquipmentSupplies"
"766	DHT	OilGasConsumableFuels"
"767	DHX	InteractiveMediaServices"
"768	DHY	ETF"
"769	DIN	HotelsRestaurantsLeisure"
"770	DIOD	SemiconductorsSemiconductorEquipment"
"771	DIS	Entertainment"
"772	DISH	Media"
"773	DIT	Distributors"
"774	DJCO	Media"
"775	DK	OilGasConsumableFuels"
"776	DKS	SpecialtyRetail"
"777	DLA	TextilesApparelLuxuryGoods"
"778	DLB	ElectronicEquipmentInstrumentsC"
"779	DLHC	ProfessionalServices"
"780	DLPN	Entertainment"
"781	DLR	EquityRealEstateInvestmentTrusts"
"782	DLTR	MultilineRetail"
"783	DLX	CommercialServicesSupplies"
"784	DMF	ETF"
"785	DMLP	OilGasConsumableFuels"
"786	DMRC	Software"
"787	DNN	OilGasConsumableFuels"
"788	DNP	ETF"
"789	DOOR	BuildingProducts"
"790	DORM	AutoComponents"
"791	DOV	Machinery"
"792	DOX	ITServices"
"793	DPZ	HotelsRestaurantsLeisure"
"794	DRD	MetalsMining"
"795	DRE	EquityRealEstateInvestmentTrusts"
"796	DRH	EquityRealEstateInvestmentTrusts"
"797	DRI	HotelsRestaurantsLeisure"
"798	DRQ	EnergyEquipmentServices"
"799	DRRX	Pharmaceuticals"
"800	DS	HotelsRestaurantsLeisure"
"801	DSGX	Software"
"802	DSM	MetalsMining"
"803	DSS	CommercialServicesSupplies"
"804	DSU	ETF"
"805	DSWL	ElectronicEquipmentInstrumentsC"
"806	DSX	Marine"
"807	DTE	MultiUtilities"
"808	DTF	ETF"
"809	DUK	ElectricUtilities"
"810	DVA	HealthCareProvidersServices"
"811	DVAX	Biotechnology"
"812	DVN	OilGasConsumableFuels"
"813	DWSN	EnergyEquipmentServices"
"814	DX	MortgageRealEstateInvestmentTrust"
"815	DXC	ITServices"
"816	DXCM	HealthCareEquipmentSupplies"
"817	DXLG	SpecialtyRetail"
"818	DXPE	TradingCompaniesDistributors"
"819	DXR	HealthCareEquipmentSupplies"
"820	DXYN	HouseholdDurables"
"821	DY	ConstructionEngineering"
"822	DYAI	Biotechnology"
"823	DYNT	HealthCareEquipmentSupplies"
"824	DZSI	CommunicationsEquipment"
"825	E	OilGasConsumableFuels"
"826	EA	Entertainment"
"827	EAD	ETF"
"828	EAT	HotelsRestaurantsLeisure"
"829	EBAY	InternetDirectMarketingRetail"
"830	EBF	CommercialServicesSupplies"
"831	EBIX	Software"
"832	EBMT	Banks"
"833	EBR	ElectricUtilities"
"834	EBS	Biotechnology"
"835	EBTC	Banks"
"836	EC	OilGasConsumableFuels"
"837	ECF	ETF"
"838	ECL	Chemicals"
"839	ECOL	Chemicals"
"840	ECPG	ConsumerFinance"
"841	ED	MultiUtilities"
"842	EDAP	HealthCareEquipmentSupplies"
"843	EDD	ETF"
"844	EDN	ElectricUtilities"
"845	EDU	DiversifiedConsumerServices"
"846	EDUC	Distributors"
"847	EEA	ETF"
"848	EEFT	ITServices"
"849	EFOI	ElectricalEquipment"
"850	EFR	OilGasConsumableFuels"
"851	EFSC	Banks"
"852	EFT	ETF"
"853	EFX	ProfessionalServices"
"854	EGAN	Software"
"855	EGBN	Banks"
"856	EGF	ETF"
"857	EGHT	Software"
"858	EGLE	Marine"
"859	EGO	MetalsMining"
"860	EGP	EquityRealEstateInvestmentTrusts"
"861	EGY	OilGasConsumableFuels"
"862	EHC	HealthCareProvidersServices"
"863	EHI	ETF"
"864	EHTH	Insurance"
"865	EIG	Insurance"
"866	EIM	ETF"
"867	EIX	ElectricUtilities"
"868	EL	PersonalProducts"
"869	ELA	SpecialtyRetail"
"870	ELLO	IndependentPowerandRenewableElect"
"871	ELOX	Pharmaceuticals"
"872	ELP	ElectricUtilities"
"873	ELS	EquityRealEstateInvestmentTrusts"
"874	ELTK	ElectronicEquipmentInstrumentsC"
"875	ELY	HotelsRestaurantsLeisure"
"876	EMAN	SemiconductorsSemiconductorEquipment"
"877	EMCF	Banks"
"878	EMD	ETF"
"879	EME	ConstructionEngineering"
"880	EMF	ETF"
"881	EMKR	CommunicationsEquipment"
"882	EML	Machinery"
"883	EMN	Chemicals"
"884	EMR	ElectricalEquipment"
"885	EMX	MetalsMining"
"886	ENB	OilGasConsumableFuels"
"887	ENDP	Pharmaceuticals"
"888	ENG	EnergyEquipmentServices"
"889	ENLC	OilGasConsumableFuels"
"890	ENS	ElectricalEquipment"
"891	ENSG	HealthCareProvidersServices"
"892	ENSV	EnergyEquipmentServices"
"893	ENTG	SemiconductorsSemiconductorEquipment"
"894	ENX	CapitalMarkets"
"895	ENZ	HealthCareProvidersServices"
"896	EOD	ETF"
"897	EOG	OilGasConsumableFuels"
"898	EOI	ETF"
"899	EOS	ETF"
"900	EOT	ETF"
"901	EPAC	Machinery"
"902	EPC	PersonalProducts"
"903	EPD	OilGasConsumableFuels"
"904	EPM	OilGasConsumableFuels"
"905	EPR	EquityRealEstateInvestmentTrusts"
"906	EPSN	OilGasConsumableFuels"
"907	EQC	EquityRealEstateInvestmentTrusts"
"908	EQIX	EquityRealEstateInvestmentTrusts"
"909	EQNR	OilGasConsumableFuels"
"910	EQR	EquityRealEstateInvestmentTrusts"
"911	EQS	CapitalMarkets"
"912	EQT	OilGasConsumableFuels"
"913	ERC	ETF"
"914	ERF	OilGasConsumableFuels"
"915	ERH	ETF"
"916	ERIC	CommunicationsEquipment"
"917	ERIE	Insurance"
"918	ERII	Machinery"
"919	ERJ	AerospaceDefense"
"920	ES	ElectricUtilities"
"921	ESCA	LeisureProducts"
"922	ESE	Machinery"
"923	ESEA	Marine"
"924	ESGR	Insurance"
"925	ESLT	AerospaceDefense"
"926	ESP	ElectricalEquipment"
"927	ESS	EquityRealEstateInvestmentTrusts"
"928	ESSA	ThriftsMortgageFinance"
"929	ESTE	OilGasConsumableFuels"
"930	ET	OilGasConsumableFuels"
"931	ETB	ETF"
"932	ETD	FurnishingsFixturesAppliances"
"933	ETG	ETF"
"934	ETJ	ETF"
"935	ETN	ElectricalEquipment"
"936	ETO	ETF"
"937	ETR	ElectricUtilities"
"938	ETV	ETF"
"939	ETW	ETF"
"940	ETY	ETF"
"941	EVBN	Banks"
"942	EVC	Media"
"943	EVF	ETF"
"944	EVG	ETF"
"945	EVI	TradingCompaniesDistributors"
"946	EVK	TextilesApparelLuxuryGoods"
"947	EVM	ETF"
"948	EVN	ETF"
"949	EVO	DrugManufacturersSpecialtyGeneric"
"950	EVOL	Software"
"951	EVR	CapitalMarkets"
"952	EVRG	ElectricUtilities"
"953	EVRI	HotelsRestaurantsLeisure"
"954	EVT	ETF"
"955	EVV	ETF"
"956	EW	HealthCareEquipmentSupplies"
"957	EWBC	Banks"
"958	EXAS	Biotechnology"
"959	EXC	ElectricUtilities"
"960	EXEL	Biotechnology"
"961	EXG	ETF"
"962	EXK	MetalsMining"
"963	EXLS	ITServices"
"964	EXN	OtherIndustrialMetalsMining"
"965	EXP	ConstructionMaterials"
"966	EXPD	AirFreightLogistics"
"967	EXPE	InternetDirectMarketingRetail"
"968	EXPO	ProfessionalServices"
"969	EXR	EquityRealEstateInvestmentTrusts"
"970	EXTR	CommunicationsEquipment"
"971	EYPT	Pharmaceuticals"
"972	EZPW	ConsumerFinance"
"973	F	Automobiles"
"974	FAM	ETF"
"975	FANH	Insurance"
"976	FARM	FoodProducts"
"977	FARO	ElectronicEquipmentInstrumentsC"
"978	FAST	TradingCompaniesDistributors"
"979	FAX	ETF"
"980	FBC	ThriftsMortgageFinance"
"981	FBIZ	Banks"
"982	FBMS	Banks"
"983	FBNC	Banks"
"984	FBP	Banks"
"985	FC	ProfessionalServices"
"986	FCAP	Banks"
"987	FCBC	Banks"
"988	FCCO	Banks"
"989	FCEL	ElectricalEquipment"
"990	FCF	Banks"
"991	FCFS	ConsumerFinance"
"992	FCN	ProfessionalServices"
"993	FCNCA	Banks"
"994	FCO	ETF"
"995	FCT	ETF"
"996	FCX	MetalsMining"
"997	FDBC	Banks"
"998	FDP	FoodProducts"
"999	FDS	CapitalMarkets"
"1000	FDX	AirFreightLogistics"
"1001	FE	ElectricUtilities"
"1002	FEIM	ElectronicEquipmentInstrumentsC"
"1003	FELE	Machinery"
"1004	FEN	ETF"
"1005	FEO	ETF"
"1006	FERG	IndustrialDistribution"
"1007	FFA	ETF"
"1008	FFBC	Banks"
"1009	FFC	ETF"
"1010	FFHL	Chemicals"
"1011	FFIC	Banks"
"1012	FFIN	Banks"
"1013	FFIV	CommunicationsEquipment"
"1014	FFNW	Banks"
"1015	FGB	ETF"
"1016	FHI	AssetManagement"
"1017	FHN	Banks"
"1018	FICO	Software"
"1019	FIS	ITServices"
"1020	FISI	Banks"
"1021	FISV	ITServices"
"1022	FITB	Banks"
"1023	FIX	ConstructionEngineering"
"1024	FIZZ	Beverages"
"1025	FKWL	CommunicationsEquipment"
"1026	FL	SpecialtyRetail"
"1027	FLC	ETF"
"1028	FLEX	ElectronicEquipmentInstrumentsC"
"1029	FLIC	Banks"
"1030	FLL	HotelsRestaurantsLeisure"
"1031	FLNT	Media"
"1032	FLO	FoodProducts"
"1033	FLR	ConstructionEngineering"
"1034	FLS	Machinery"
"1035	FLWS	InternetDirectMarketingRetail"
"1036	FLXS	HouseholdDurables"
"1037	FMAO	Banks"
"1038	FMBH	Banks"
"1039	FMC	Chemicals"
"1040	FMN	MetalsMining"
"1041	FMNB	Banks"
"1042	FMO	ETF"
"1043	FMS	HealthCareProvidersServices"
"1044	FMX	Beverages"
"1045	FMY	ETF"
"1046	FNB	Banks"
"1047	FNCB	Banks"
"1048	FNF	Insurance"
"1049	FNHC	Insurance"
"1050	FNLC	Banks"
"1051	FNV	MetalsMining"
"1052	FNWD	BanksRegional"
"1053	FOF	ETF"
"1054	FOLD	Biotechnology"
"1055	FONR	HealthCareEquipmentSupplies"
"1056	FORM	SemiconductorsSemiconductorEquipment"
"1057	FORR	ProfessionalServices"
"1058	FORTY	ITServices"
"1059	FOSL	TextilesApparelLuxuryGoods"
"1060	FR	EquityRealEstateInvestmentTrusts"
"1061	FRA	ETF"
"1062	FRAF	Banks"
"1063	FRBK	Banks"
"1064	FRD	MetalsMining"
"1065	FRME	Banks"
"1066	FRO	OilGasConsumableFuels"
"1067	FRPH	RealEstateManagementDevelopment"
"1068	FRST	Banks"
"1069	FRT	EquityRealEstateInvestmentTrusts"
"1070	FSFG	Banks"
"1071	FSI	Chemicals"
"1072	FSLR	SemiconductorsSemiconductorEquipment"
"1073	FSM	MetalsMining"
"1074	FSP	EquityRealEstateInvestmentTrusts"
"1075	FSS	Machinery"
"1076	FSTR	Machinery"
"1077	FT	MetalsMining"
"1078	FTEK	CommercialServicesSupplies"
"1079	FTF	ETF"
"1080	FTFT	FoodProducts"
"1081	FTI	EnergyEquipmentServices"
"1082	FTK	Chemicals"
"1083	FTNT	Software"
"1084	FTS	ElectricUtilities"
"1085	FUL	Chemicals"
"1086	FULT	Banks"
"1087	FUNC	Banks"
"1088	FUSB	Banks"
"1089	FWRD	AirFreightLogistics"
"1090	FXNC	Banks"
"1091	G	ITServices"
"1092	GAB	ETF"
"1093	GABC	Banks"
"1094	GAIA	Entertainment"
"1095	GALT	Biotechnology"
"1096	GAM	ETF"
"1097	GASS	OilGasConsumableFuels"
"1098	GATX	TradingCompaniesDistributors"
"1099	GAU	MetalsMining"
"1100	GBCI	Banks"
"1101	GBL	ETF"
"1102	GBLI	Insurance"
"1103	GBR	OilGasConsumableFuels"
"1104	GBX	Machinery"
"1105	GCBC	ThriftsMortgageFinance"
"1106	GCO	SpecialtyRetail"
"1107	GCV	ETF"
"1108	GD	AerospaceDefense"
"1109	GDEN	HotelsRestaurantsLeisure"
"1110	GDL	ETF"
"1111	GDO	ETF"
"1112	GDV	ETF"
"1113	GE	IndustrialConglomerates"
"1114	GEF	ContainersPackaging"
"1115	GEG	CapitalMarkets"
"1116	GEL	OilGasConsumableFuels"
"1117	GENC	Machinery"
"1118	GENE	LifeSciencesToolsServices"
"1119	GEO	EquityRealEstateInvestmentTrusts"
"1120	GEOS	EnergyEquipmentServices"
"1121	GERN	Biotechnology"
"1122	GES	SpecialtyRetail"
"1123	GF	ETF"
"1124	GFF	BuildingProducts"
"1125	GFI	MetalsMining"
"1126	GGAL	Banks"
"1127	GGB	MetalsMining"
"1128	GGG	Machinery"
"1129	GGN	ETF"
"1130	GGT	ETF"
"1131	GHC	DiversifiedConsumerServices"
"1132	GHL	CapitalMarkets"
"1133	GHM	Machinery"
"1134	GIB	ITServices"
"1135	GIC	TradingCompaniesDistributors"
"1136	GIFI	EnergyEquipmentServices"
"1137	GIGM	Entertainment"
"1138	GIII	TextilesApparelLuxuryGoods"
"1139	GIL	TextilesApparelLuxuryGoods"
"1140	GILD	Biotechnology"
"1141	GILT	CommunicationsEquipment"
"1142	GIM	ETF"
"1143	GIS	FoodProducts"
"1144	GJH	ETF"
"1145	GJO	ETF"
"1146	GJS	ETF"
"1147	GL	Insurance"
"1148	GLAD	CapitalMarkets"
"1149	GLBS	Marine"
"1150	GLBZ	Banks"
"1151	GLDD	ConstructionEngineering"
"1152	GLNG	OilGasConsumableFuels"
"1153	GLO	Uranium"
"1154	GLP	OilGasConsumableFuels"
"1155	GLQ	ETF"
"1156	GLRE	Insurance"
"1157	GLT	PaperForestProducts"
"1158	GLU	ETF"
"1159	GLV	ETF"
"1160	GLW	ElectronicEquipmentInstrumentsC"
"1161	GMAB	Biotechnology"
"1162	GME	SpecialtyRetail"
"1163	GNSS	ElectronicEquipmentInstrumentsC"
"1164	GNTX	AutoComponents"
"1165	GNW	Insurance"
"1166	GOF	ETF"
"1167	GOGL	Marine"
"1168	GOL	Airlines"
"1169	GOLD	MetalsMining"
"1170	GOOG	InteractiveMediaServices"
"1171	GOOGL	InteractiveMediaServices"
"1172	GORO	MetalsMining"
"1173	GPC	Distributors"
"1174	GPI	SpecialtyRetail"
"1175	GPK	ContainersPackaging"
"1176	GPL	Pharmaceuticals"
"1177	GPN	ITServices"
"1178	GPRE	OilGasConsumableFuels"
"1179	GPS	SpecialtyRetail"
"1180	GRBK	HouseholdDurables"
"1181	GRC	Machinery"
"1182	GREE	CapitalMarkets"
"1183	GRF	FoodProducts"
"1184	GRMN	HouseholdDurables"
"1185	GROW	CapitalMarkets"
"1186	GRVY	Entertainment"
"1187	GRX	ETF"
"1188	GS	CapitalMarkets"
"1189	GSAT	DiversifiedTelecommunicationServices"
"1190	GSBC	Banks"
"1191	GSIT	SemiconductorsSemiconductorEquipment"
"1192	GSK	Pharmaceuticals"
"1193	GSL	Marine"
"1194	GSM	MetalsMining"
"1195	GSS	RealEstateManagementDevelopment"
"1196	GSV	MetalsMining"
"1197	GT	AutoComponents"
"1198	GTE	OilGasConsumableFuels"
"1199	GTIM	HotelsRestaurantsLeisure"
"1200	GTLS	Machinery"
"1201	GTN	Media"
"1202	GTY	EquityRealEstateInvestmentTrusts"
"1203	GURE	Chemicals"
"1204	GUT	ETF"
"1205	GVA	ConstructionEngineering"
"1206	GVP	Software"
"1207	GWW	TradingCompaniesDistributors"
"1208	GYRO	RealEstateManagementDevelopment"
"1209	H	HotelsRestaurantsLeisure"
"1210	HA	Airlines"
"1211	HAE	HealthCareEquipmentSupplies"
"1212	HAFC	Banks"
"1213	HAIN	FoodProducts"
"1214	HAL	EnergyEquipmentServices"
"1215	HALL	Insurance"
"1216	HALO	Biotechnology"
"1217	HAYN	MetalsMining"
"1218	HBAN	Banks"
"1219	HBCP	ThriftsMortgageFinance"
"1220	HBI	TextilesApparelLuxuryGoods"
"1221	HBIO	LifeSciencesToolsServices"
"1222	HBM	MetalsMining"
"1223	HBNC	Banks"
"1224	HBP	Pharmaceuticals"
"1225	HCCI	CommercialServicesSupplies"
"1226	HCI	Insurance"
"1227	HCKT	ITServices"
"1228	HCSG	CommercialServicesSupplies"
"1229	HD	SpecialtyRetail"
"1230	HDB	Banks"
"1231	HDSN	CommercialServicesSupplies"
"1232	HEES	TradingCompaniesDistributors"
"1233	HEI	AerospaceDefense"
"1234	HELE	HouseholdDurables"
"1235	HEP	OilGasConsumableFuels"
"1236	HES	OilGasConsumableFuels"
"1237	HFBL	ThriftsMortgageFinance"
"1238	HFWA	Banks"
"1239	HGBL	CapitalMarkets"
"1240	HHS	Media"
"1241	HI	Machinery"
"1242	HIBB	SpecialtyRetail"
"1243	HIFS	ThriftsMortgageFinance"
"1244	HIG	Insurance"
"1245	HIHO	Machinery"
"1246	HIL	ProfessionalServices"
"1247	HIMX	SemiconductorsSemiconductorEquipment"
"1248	HIO	ETF"
"1249	HIW	EquityRealEstateInvestmentTrusts"
"1250	HIX	ETF"
"1251	HL	MetalsMining"
"1252	HLF	PersonalProducts"
"1253	HLIO	Machinery"
"1254	HLIT	CommunicationsEquipment"
"1255	HLX	EnergyEquipmentServices"
"1256	HMC	Automobiles"
"1257	HMN	Insurance"
"1258	HMNF	ThriftsMortgageFinance"
"1259	HMY	MetalsMining"
"1260	HNGR	HealthCareEquipmentSupplies"
"1261	HNI	CommercialServicesSupplies"
"1262	HNNA	CapitalMarkets"
"1263	HNRG	OilGasConsumableFuels"
"1264	HNW	ETF"
"1265	HOFT	HouseholdDurables"
"1266	HOG	Automobiles"
"1267	HOLI	ElectronicEquipmentInstrumentsC"
"1268	HOLX	HealthCareEquipmentSupplies"
"1269	HOMB	Banks"
"1270	HON	IndustrialConglomerates"
"1271	HOV	HouseholdDurables"
"1272	HOVNP	ETF"
"1273	HP	EnergyEquipmentServices"
"1274	HPF	ETF"
"1275	HPI	ETF"
"1276	HPQ	TechnologyHardwareStoragePeriph"
"1277	HPS	EnergyEquipmentServices"
"1278	HQH	ETF"
"1279	HQI	ProfessionalServices"
"1280	HQL	ETF"
"1281	HRB	DiversifiedConsumerServices"
"1282	HRI	TradingCompaniesDistributors"
"1283	HRL	FoodProducts"
"1284	HROW	Pharmaceuticals"
"1285	HRTX	Biotechnology"
"1286	HSBC	Banks"
"1287	HSC	Machinery"
"1288	HSIC	HealthCareProvidersServices"
"1289	HSII	ProfessionalServices"
"1290	HSKA	HealthCareEquipmentSupplies"
"1291	HSON	ProfessionalServices"
"1292	HST	EquityRealEstateInvestmentTrusts"
"1293	HSTM	HealthCareTechnology"
"1294	HSY	FoodProducts"
"1295	HT	EquityRealEstateInvestmentTrusts"
"1296	HTBK	Banks"
"1297	HTD	ETF"
"1298	HTGC	CapitalMarkets"
"1299	HTH	Banks"
"1300	HTLD	RoadRail"
"1301	HTLF	Banks"
"1302	HTY	ETF"
"1303	HUBB	ElectricalEquipment"
"1304	HUBG	AirFreightLogistics"
"1305	HUM	HealthCareProvidersServices"
"1306	HUN	Chemicals"
"1307	HURC	Machinery"
"1308	HURN	ProfessionalServices"
"1309	HUSA	OilGasConsumableFuels"
"1310	HVT	SpecialtyRetail"
"1311	HWBK	Banks"
"1312	HWC	Banks"
"1313	HWKN	Chemicals"
"1314	HXL	AerospaceDefense"
"1315	HYB	ETF"
"1316	HYT	ETF"
"1317	HZO	SpecialtyRetail"
"1318	IAC	InteractiveMediaServices"
"1319	IAE	ETF"
"1320	IAF	ETF"
"1321	IAG	MetalsMining"
"1322	IART	HealthCareEquipmentSupplies"
"1323	IBA	FoodProducts"
"1324	IBCP	Banks"
"1325	IBIO	Biotechnology"
"1326	IBKR	CapitalMarkets"
"1327	IBM	ITServices"
"1328	IBN	Banks"
"1329	IBOC	Banks"
"1330	ICAD	HealthCareTechnology"
"1331	ICCC	Biotechnology"
"1332	ICE	CapitalMarkets"
"1333	ICFI	ProfessionalServices"
"1334	ICL	Chemicals"
"1335	ICLR	LifeSciencesToolsServices"
"1336	ICUI	HealthCareEquipmentSupplies"
"1337	IDA	ElectricUtilities"
"1338	IDCC	CommunicationsEquipment"
"1339	IDEX	Software"
"1340	IDN	ElectronicEquipmentInstrumentsC"
"1341	IDRA	Biotechnology"
"1342	IDT	DiversifiedTelecommunicationServices"
"1343	IDXX	HealthCareEquipmentSupplies"
"1344	IEP	IndustrialConglomerates"
"1345	IESC	ConstructionEngineering"
"1346	IEX	Machinery"
"1347	IFF	Chemicals"
"1348	IFN	ETF"
"1349	IGA	ETF"
"1350	IGC	TradingCompaniesDistributors"
"1351	IGD	ETF"
"1352	IGI	ETF"
"1353	IGR	ETF"
"1354	IGT	Gambling"
"1355	IHG	HotelsRestaurantsLeisure"
"1356	IHT	EquityRealEstateInvestmentTrusts"
"1357	IIF	ETF"
"1358	III	ITServices"
"1359	IIIN	BuildingProducts"
"1360	IIM	ETF"
"1361	IIVI	SemiconductorsSemiconductorEquipment"
"1362	ILMN	LifeSciencesToolsServices"
"1363	IMAX	Entertainment"
"1364	IMBI	InternetDirectMarketingRetail"
"1365	IMGN	Biotechnology"
"1366	IMH	ThriftsMortgageFinance"
"1367	IMKTA	FoodStaplesRetailing"
"1368	IMMR	TechnologyHardwareStoragePeriph"
"1369	IMO	OilGasConsumableFuels"
"1370	IMOS	SemiconductorsSemiconductorEquipment"
"1371	IMV	Biotechnology"
"1372	INBK	Banks"
"1373	INCY	Biotechnology"
"1374	INDB	Banks"
"1375	INDT	EquityRealEstateInvestmentTrusts"
"1376	INFI	Biotechnology"
"1377	INFN	CommunicationsEquipment"
"1378	INFU	HealthCareProvidersServices"
"1379	INFY	ITServices"
"1380	ING	Banks"
"1381	INGR	FoodProducts"
"1382	INO	Biotechnology"
"1383	INOD	ITServices"
"1384	INSG	CommunicationsEquipment"
"1385	INSI	ETF"
"1386	INSM	Biotechnology"
"1387	INT	OilGasConsumableFuels"
"1388	INTC	SemiconductorsSemiconductorEquipment"
"1389	INTG	RealEstateManagementDevelopment"
"1390	INTT	SemiconductorsSemiconductorEquipment"
"1391	INTU	Software"
"1392	INTZ	Software"
"1393	INUV	Software"
"1394	INVA	Pharmaceuticals"
"1395	INVE	ElectronicEquipmentInstrumentsC"
"1396	IONS	Biotechnology"
"1397	IOR	ThriftsMortgageFinance"
"1398	IOSP	Chemicals"
"1399	IP	ContainersPackaging"
"1400	IPA	Biotechnology"
"1401	IPAR	PersonalProducts"
"1402	IPG	Media"
"1403	IPGP	ElectronicEquipmentInstrumentsC"
"1404	IPI	Chemicals"
"1405	IQI	ETF"
"1406	IRBT	HouseholdDurables"
"1407	IRDM	DiversifiedTelecommunicationServices"
"1408	IRIX	HealthCareEquipmentSupplies"
"1409	IRL	ETF"
"1410	IRM	EquityRealEstateInvestmentTrusts"
"1411	IRS	RealEstateManagementDevelopment"
"1412	ISBC	ETF"
"1413	ISDR	Software"
"1414	ISIG	Media"
"1415	ISR	Biotechnology"
"1416	ISRG	HealthCareEquipmentSupplies"
"1417	ISSC	AerospaceDefense"
"1418	ITCB	Banks"
"1419	ITGR	HealthCareEquipmentSupplies"
"1420	ITI	ElectronicEquipmentInstrumentsC"
"1421	ITIC	Insurance"
"1422	ITP	PaperForestProducts"
"1423	ITRI	ElectronicEquipmentInstrumentsC"
"1424	ITRN	CommunicationsEquipment"
"1425	ITT	Machinery"
"1426	ITUB	Banks"
"1427	ITW	Machinery"
"1428	IVAC	TechnologyHardwareStoragePeriph"
"1429	IVC	HealthCareEquipmentSupplies"
"1430	IVR	MortgageRealEstateInvestmentTrust"
"1431	IVZ	CapitalMarkets"
"1432	IX	DiversifiedFinancialServices"
"1433	J	ConstructionEngineering"
"1434	JACK	HotelsRestaurantsLeisure"
"1435	JAKK	LeisureProducts"
"1436	JAN	CommercialServicesSupplies"
"1437	JAZZ	Pharmaceuticals"
"1438	JBHT	RoadRail"
"1439	JBL	ElectronicEquipmentInstrumentsC"
"1440	JBLU	Airlines"
"1441	JBSS	FoodProducts"
"1442	JBT	Machinery"
"1443	JCE	ETF"
"1444	JCI	BuildingProducts"
"1445	JCTCF	BuildingProducts"
"1446	JEF	DiversifiedFinancialServices"
"1447	JEQ	ETF"
"1448	JFR	ETF"
"1449	JHI	ETF"
"1450	JHS	ETF"
"1451	JHX	ConstructionMaterials"
"1452	JJSF	FoodProducts"
"1453	JKHY	ITServices"
"1454	JLL	RealEstateManagementDevelopment"
"1455	JLS	EquityRealEstateInvestmentTrusts"
"1456	JMM	EquityRealEstateInvestmentTrusts"
"1457	JNJ	Pharmaceuticals"
"1458	JNPR	CommunicationsEquipment"
"1459	JOE	RealEstateManagementDevelopment"
"1460	JOF	ETF"
"1461	JOUT	LeisureProducts"
"1462	JPC	ETF"
"1463	JPM	Banks"
"1464	JPS	ETF"
"1465	JQC	ETF"
"1466	JRO	ETF"
"1467	JRS	EquityRealEstateInvestmentTrusts"
"1468	JSM	ETF"
"1469	JVA	FoodProducts"
"1470	JWN	MultilineRetail"
"1471	K	FoodProducts"
"1472	KAI	Machinery"
"1473	KALU	MetalsMining"
"1474	KAMN	TradingCompaniesDistributors"
"1475	KAR	CommercialServicesSupplies"
"1476	KB	Banks"
"1477	KBAL	CommercialServicesSupplies"
"1478	KBH	HouseholdDurables"
"1479	KBR	ITServices"
"1480	KDP	Beverages"
"1481	KELYA	ProfessionalServices"
"1482	KELYB	ProfessionalServices"
"1483	KEP	ElectricUtilities"
"1484	KEQU	HealthCareEquipmentSupplies"
"1485	KEX	Marine"
"1486	KEY	Banks"
"1487	KF	ETF"
"1488	KFFB	ThriftsMortgageFinance"
"1489	KFRC	ProfessionalServices"
"1490	KFS	Insurance"
"1491	KFY	ProfessionalServices"
"1492	KGC	MetalsMining"
"1493	KIM	EquityRealEstateInvestmentTrusts"
"1494	KINS	Insurance"
"1495	KIQ	Machinery"
"1496	KIRK	SpecialtyRetail"
"1497	KLAC	SemiconductorsSemiconductorEquipment"
"1498	KLIC	SemiconductorsSemiconductorEquipment"
"1499	KMB	HouseholdProducts"
"1500	KMPR	Insurance"
"1501	KMT	Machinery"
"1502	KMX	SpecialtyRetail"
"1503	KNDI	AutoComponents"
"1504	KNX	RoadRail"
"1505	KO	Beverages"
"1506	KOF	Beverages"
"1507	KOP	Chemicals"
"1508	KOPN	SemiconductorsSemiconductorEquipment"
"1509	KOSS	HouseholdDurables"
"1510	KR	FoodStaplesRetailing"
"1511	KRC	EquityRealEstateInvestmentTrusts"
"1512	KRG	EquityRealEstateInvestmentTrusts"
"1513	KRMD	HealthCareEquipmentSupplies"
"1514	KRNY	ThriftsMortgageFinance"
"1515	KRO	Chemicals"
"1516	KSM	ETF"
"1517	KSPN	SpecialtyRetail"
"1518	KSS	MultilineRetail"
"1519	KT	DiversifiedTelecommunicationServices"
"1520	KTCC	ElectronicEquipmentInstrumentsC"
"1521	KTF	ETF"
"1522	KTH	ETF"
"1523	KTN	MetalsMining"
"1524	KTOS	AerospaceDefense"
"1525	KVHI	CommunicationsEquipment"
"1526	KW	RealEstateManagementDevelopment"
"1527	KWR	Chemicals"
"1528	KYN	ETF"
"1529	KZIA	Biotechnology"
"1530	L	Insurance"
"1531	LAC	MetalsMining"
"1532	LAD	SpecialtyRetail"
"1533	LAKE	TextilesApparelLuxuryGoods"
"1534	LAMR	EquityRealEstateInvestmentTrusts"
"1535	LANC	FoodProducts"
"1536	LARK	Banks"
"1537	LBAI	Banks"
"1538	LBTYA	Media"
"1539	LBTYB	DiversifiedTelecommunicationServices"
"1540	LBTYK	Media"
"1541	LCI	Pharmaceuticals"
"1542	LCII	AutoComponents"
"1543	LCNB	Banks"
"1544	LCTX	Biotechnology"
"1545	LCUT	HouseholdDurables"
"1546	LDOS	ITServices"
"1547	LEA	AutoComponents"
"1548	LECO	Machinery"
"1549	LEE	Media"
"1550	LEG	HouseholdDurables"
"1551	LEN	HouseholdDurables"
"1552	LEO	ETF"
"1553	LEU	OilGasConsumableFuels"
"1554	LFC	HealthCareEquipmentSupplies"
"1555	LFMD	PharmaceuticalRetailers"
"1556	LFUS	ElectronicEquipmentInstrumentsC"
"1557	LFVN	PersonalProducts"
"1558	LGI	ETF"
"1559	LGL	ElectronicEquipmentInstrumentsC"
"1560	LGND	Biotechnology"
"1561	LH	HealthCareProvidersServices"
"1562	LHCG	HealthCareProvidersServices"
"1563	LHX	AerospaceDefense"
"1564	LII	BuildingProducts"
"1565	LIN	Chemicals"
"1566	LINC	DiversifiedConsumerServices"
"1567	LIXT	Biotechnology"
"1568	LJPC	Pharmaceuticals"
"1569	LKFN	Banks"
"1570	LKQ	Distributors"
"1571	LL	SpecialtyRetail"
"1572	LLY	Pharmaceuticals"
"1573	LMAT	HealthCareEquipmentSupplies"
"1574	LMNL	Biotechnology"
"1575	LMNR	FoodProducts"
"1576	LMST	Banks"
"1577	LMT	AerospaceDefense"
"1578	LNC	Insurance"
"1579	LNDC	FoodProducts"
"1580	LNG	OilGasConsumableFuels"
"1581	LNN	Machinery"
"1582	LNT	ElectricUtilities"
"1583	LOGI	TechnologyHardwareStoragePeriph"
"1584	LOPE	DiversifiedConsumerServices"
"1585	LOV	InteractiveMediaServices"
"1586	LPL	ElectronicEquipmentInstrumentsC"
"1587	LPSN	Software"
"1588	LPTH	ElectronicEquipmentInstrumentsC"
"1589	LPX	PaperForestProducts"
"1590	LQDT	InternetDirectMarketingRetail"
"1591	LRCX	SemiconductorsSemiconductorEquipment"
"1592	LRN	DiversifiedConsumerServices"
"1593	LSBK	ThriftsMortgageFinance"
"1594	LSCC	SemiconductorsSemiconductorEquipment"
"1595	LSI	EquityRealEstateInvestmentTrusts"
"1596	LSTR	RoadRail"
"1597	LTBR	ProfessionalServices"
"1598	LTC	EquityRealEstateInvestmentTrusts"
"1599	LTRX	CommunicationsEquipment"
"1600	LULU	TextilesApparelLuxuryGoods"
"1601	LUMN	DiversifiedTelecommunicationServices"
"1602	LUNA	ElectronicEquipmentInstrumentsC"
"1603	LUV	Airlines"
"1604	LVS	HotelsRestaurantsLeisure"
"1605	LWAY	FoodProducts"
"1606	LWLG	Chemicals"
"1607	LXP	EquityRealEstateInvestmentTrusts"
"1608	LXRX	Biotechnology"
"1609	LXU	Chemicals"
"1610	LYG	Banks"
"1611	LYTS	ElectricalEquipment"
"1612	LYV	Entertainment"
"1613	LZB	HouseholdDurables"
"1614	M	MultilineRetail"
"1615	MA	ITServices"
"1616	MAA	EquityRealEstateInvestmentTrusts"
"1617	MAC	EquityRealEstateInvestmentTrusts"
"1618	MAG	MetalsMining"
"1619	MAIN	CapitalMarkets"
"1620	MAN	ProfessionalServices"
"1621	MANH	Software"
"1622	MANT	HealthCareEquipmentSupplies"
"1623	MAR	HotelsRestaurantsLeisure"
"1624	MARK	InternetDirectMarketingRetail"
"1625	MARPS	OilGasConsumableFuels"
"1626	MAS	BuildingProducts"
"1627	MASI	HealthCareEquipmentSupplies"
"1628	MAT	LeisureProducts"
"1629	MATW	CommercialServicesSupplies"
"1630	MATX	Marine"
"1631	MAV	ETF"
"1632	MAXR	AerospaceDefense"
"1633	MAYS	RealEstateManagementDevelopment"
"1634	MBCN	Banks"
"1635	MBI	Insurance"
"1636	MBOT	HealthCareEquipmentSupplies"
"1637	MBWM	Banks"
"1638	MCA	ETF"
"1639	MCBC	Banks"
"1640	MCD	HotelsRestaurantsLeisure"
"1641	MCHP	SemiconductorsSemiconductorEquipment"
"1642	MCHX	Media"
"1643	MCI	ETF"
"1644	MCK	HealthCareProvidersServices"
"1645	MCN	ETF"
"1646	MCO	CapitalMarkets"
"1647	MCR	ETF"
"1648	MCRI	HotelsRestaurantsLeisure"
"1649	MCS	Entertainment"
"1650	MCY	Insurance"
"1651	MD	HealthCareProvidersServices"
"1652	MDC	HouseholdDurables"
"1653	MDGL	Biotechnology"
"1654	MDLZ	FoodProducts"
"1655	MDRX	HealthCareTechnology"
"1656	MDT	HealthCareEquipmentSupplies"
"1657	MDU	MultiUtilities"
"1658	MDXG	Biotechnology"
"1659	MED	PersonalProducts"
"1660	MEI	ElectronicEquipmentInstrumentsC"
"1661	MEIP	Biotechnology"
"1662	MELI	InternetDirectMarketingRetail"
"1663	MEOH	Chemicals"
"1664	MERC	PaperForestProducts"
"1665	MESO	Biotechnology"
"1666	MET	Insurance"
"1667	MFA	MortgageRealEstateInvestmentTrust"
"1668	MFC	Insurance"
"1669	MFD	ETF"
"1670	MFG	Banks"
"1671	MFIN	ConsumerFinance"
"1672	MFM	ETF"
"1673	MFV	ETF"
"1674	MG	ProfessionalServices"
"1675	MGA	AutoComponents"
"1676	MGEE	ElectricUtilities"
"1677	MGF	ETF"
"1678	MGI	ITServices"
"1679	MGIC	Software"
"1680	MGM	HotelsRestaurantsLeisure"
"1681	MGPI	Beverages"
"1682	MGRC	CommercialServicesSupplies"
"1683	MGU	ETF"
"1684	MGYR	ThriftsMortgageFinance"
"1685	MHD	ETF"
"1686	MHF	ETF"
"1687	MHH	ProfessionalServices"
"1688	MHI	ETF"
"1689	MHK	HouseholdDurables"
"1690	MHLD	Insurance"
"1691	MHN	ETF"
"1692	MHO	HouseholdDurables"
"1693	MIDD	Machinery"
"1694	MIN	MetalsMining"
"1695	MIND	EnergyEquipmentServices"
"1696	MINM	CommunicationEquipment"
"1697	MITK	Software"
"1698	MIY	ETF"
"1699	MKC	FoodProducts"
"1700	MKL	Insurance"
"1701	MKSI	SemiconductorsSemiconductorEquipment"
"1702	MKTX	CapitalMarkets"
"1703	MLAB	HealthCareEquipmentSupplies"
"1704	MLCO	HotelsRestaurantsLeisure"
"1705	MLI	Machinery"
"1706	MLKN	FurnishingsFixturesAppliances"
"1707	MLM	ConstructionMaterials"
"1708	MLP	RealEstateManagementDevelopment"
"1709	MLR	Machinery"
"1710	MLSS	HealthCareEquipmentSupplies"
"1711	MLVF	Banks"
"1712	MMC	Insurance"
"1713	MMLP	OilGasConsumableFuels"
"1714	MMM	IndustrialConglomerates"
"1715	MMP	OilGasConsumableFuels"
"1716	MMS	ITServices"
"1717	MMSI	HealthCareEquipmentSupplies"
"1718	MMT	ETF"
"1719	MMU	ETF"
"1720	MNDO	Software"
"1721	MNKD	Biotechnology"
"1722	MNOV	Biotechnology"
"1723	MNP	ETF"
"1724	MNRO	SpecialtyRetail"
"1725	MNSB	Banks"
"1726	MNST	Beverages"
"1727	MNTX	Machinery"
"1728	MO	Tobacco"
"1729	MOBQ	Media"
"1730	MOD	AutoComponents"
"1731	MODV	HealthCareProvidersServices"
"1732	MOFG	Banks"
"1733	MOH	HealthCareProvidersServices"
"1734	MORN	CapitalMarkets"
"1735	MOS	Chemicals"
"1736	MOV	TextilesApparelLuxuryGoods"
"1737	MPA	ETF"
"1738	MPAA	AutoComponents"
"1739	MPB	Banks"
"1740	MPV	ETF"
"1741	MPW	EquityRealEstateInvestmentTrusts"
"1742	MPWR	SemiconductorsSemiconductorEquipment"
"1743	MPX	LeisureProducts"
"1744	MQT	ETF"
"1745	MQY	ETF"
"1746	MRCY	AerospaceDefense"
"1747	MRK	Pharmaceuticals"
"1748	MRKR	Biotechnology"
"1749	MRO	OilGasConsumableFuels"
"1750	MRTN	RoadRail"
"1751	MRVL	SemiconductorsSemiconductorEquipment"
"1752	MS	CapitalMarkets"
"1753	MSA	CommercialServicesSupplies"
"1754	MSB	MetalsMining"
"1755	MSCI	CapitalMarkets"
"1756	MSD	ETF"
"1757	MSEX	WaterUtilities"
"1758	MSFT	Software"
"1759	MSI	CommunicationsEquipment"
"1760	MSM	TradingCompaniesDistributors"
"1761	MSN	HouseholdDurables"
"1762	MSTR	Software"
"1763	MSVB	ThriftsMortgageFinance"
"1764	MT	MetalsMining"
"1765	MTA	MetalsMining"
"1766	MTB	Banks"
"1767	MTCH	InteractiveMediaServices"
"1768	MTD	LifeSciencesToolsServices"
"1769	MTEM	Biotechnology"
"1770	MTEX	PersonalProducts"
"1771	MTG	ThriftsMortgageFinance"
"1772	MTH	HouseholdDurables"
"1773	MTL	MetalsMining"
"1774	MTN	HotelsRestaurantsLeisure"
"1775	MTR	OilGasConsumableFuels"
"1776	MTRN	MetalsMining"
"1777	MTRX	EnergyEquipmentServices"
"1778	MTW	Machinery"
"1779	MTX	Chemicals"
"1780	MTZ	ConstructionEngineering"
"1781	MU	SemiconductorsSemiconductorEquipment"
"1782	MUA	ETF"
"1783	MUC	ETF"
"1784	MUE	ETF"
"1785	MUFG	Banks"
"1786	MUI	ETF"
"1787	MUJ	ETF"
"1788	MULN	Automobiles"
"1789	MUR	OilGasConsumableFuels"
"1790	MUX	MetalsMining"
"1791	MVF	ETF"
"1792	MVIS	ElectronicEquipmentInstrumentsC"
"1793	MVO	ETF"
"1794	MVT	ETF"
"1795	MWA	Machinery"
"1796	MXC	OilGasConsumableFuels"
"1797	MXE	ETF"
"1798	MXF	ETF"
"1799	MYC	ETF"
"1800	MYD	ETF"
"1801	MYE	ContainersPackaging"
"1802	MYGN	Biotechnology"
"1803	MYI	ETF"
"1804	MYJ	ETF"
"1805	MYN	ETF"
"1806	MYRG	ConstructionEngineering"
"1807	NAC	ETF"
"1808	NAD	ETF"
"1809	NAII	PersonalProducts"
"1810	NAK	MetalsMining"
"1811	NAN	ETF"
"1812	NAT	OilGasConsumableFuels"
"1813	NATH	HotelsRestaurantsLeisure"
"1814	NATI	ElectronicEquipmentInstrumentsC"
"1815	NATR	PersonalProducts"
"1816	NAVB	Biotechnology"
"1817	NAZ	ETF"
"1818	NBH	ETF"
"1819	NBIX	Biotechnology"
"1820	NBN	Banks"
"1821	NBO	ETF"
"1822	NBR	EnergyEquipmentServices"
"1823	NBSE	Biotechnology"
"1824	NBTB	Banks"
"1825	NBW	ETF"
"1826	NBY	Pharmaceuticals"
"1827	NC	OilGasConsumableFuels"
"1828	NCA	ETF"
"1829	NCMI	Media"
"1830	NCR	TechnologyHardwareStoragePeriph"
"1831	NCTY	Entertainment"
"1832	NCV	ETF"
"1833	NCZ	ETF"
"1834	NDAQ	CapitalMarkets"
"1835	NDSN	Machinery"
"1836	NEA	ETF"
"1837	NECB	ThriftsMortgageFinance"
"1838	NEE	ElectricUtilities"
"1839	NEM	MetalsMining"
"1840	NEN	RealEstateManagementDevelopment"
"1841	NEO	LifeSciencesToolsServices"
"1842	NEOG	HealthCareEquipmentSupplies"
"1843	NEON	ElectronicEquipmentInstrumentsC"
"1844	NEPH	HouseholdDurables"
"1845	NEPT	PersonalProducts"
"1846	NEU	Chemicals"
"1847	NEV	MetalsMining"
"1848	NEWP	ElectronicEquipmentInstrumentsC"
"1849	NEWT	CapitalMarkets"
"1850	NFBK	ThriftsMortgageFinance"
"1851	NFG	GasUtilities"
"1852	NFJ	ETF"
"1853	NFLX	Entertainment"
"1854	NG	MetalsMining"
"1855	NGD	MetalsMining"
"1856	NGG	MultiUtilities"
"1857	NGS	EnergyEquipmentServices"
"1858	NHC	HealthCareProvidersServices"
"1859	NHI	EquityRealEstateInvestmentTrusts"
"1860	NHS	ETF"
"1861	NHTC	PersonalProducts"
"1862	NI	MultiUtilities"
"1863	NICK	ConsumerFinance"
"1864	NIE	ETF"
"1865	NILE	AerospaceDefense"
"1866	NIM	MetalsMining"
"1867	NJR	GasUtilities"
"1868	NKE	TextilesApparelLuxuryGoods"
"1869	NKG	MetalsMining"
"1870	NKSH	Banks"
"1871	NKTR	Pharmaceuticals"
"1872	NKX	ETF"
"1873	NL	CommercialServicesSupplies"
"1874	NLOK	Software"
"1875	NLS	LeisureProducts"
"1876	NLY	MortgageRealEstateInvestmentTrust"
"1877	NM	Marine"
"1878	NMI	ETF"
"1879	NMM	Marine"
"1880	NMR	CapitalMarkets"
"1881	NMT	MetalsMining"
"1882	NMZ	ETF"
"1883	NNBR	Machinery"
"1884	NNI	ConsumerFinance"
"1885	NNN	EquityRealEstateInvestmentTrusts"
"1886	NNVC	Biotechnology"
"1887	NNY	ETF"
"1888	NOA	EnergyEquipmentServices"
"1889	NOC	AerospaceDefense"
"1890	NOG	OilGasConsumableFuels"
"1891	NOK	CommunicationsEquipment"
"1892	NOM	MetalsMining"
"1893	NOTV	LifeSciencesToolsServices"
"1894	NOV	EnergyEquipmentServices"
"1895	NOVT	ElectronicEquipmentInstrumentsC"
"1896	NPK	AerospaceDefense"
"1897	NPO	Machinery"
"1898	NPV	ETF"
"1899	NQP	ETF"
"1900	NR	EnergyEquipmentServices"
"1901	NRG	IndependentPowerandRenewableElect"
"1902	NRIM	Banks"
"1903	NRK	ETF"
"1904	NRO	EquityRealEstateInvestmentTrusts"
"1905	NRP	OilGasConsumableFuels"
"1906	NRT	OilGasConsumableFuels"
"1907	NS	OilGasConsumableFuels"
"1908	NSC	RoadRail"
"1909	NSIT	ElectronicEquipmentInstrumentsC"
"1910	NSL	ETF"
"1911	NSP	ProfessionalServices"
"1912	NSSC	ElectronicEquipmentInstrumentsC"
"1913	NSYS	ElectronicEquipmentInstrumentsC"
"1914	NTAP	TechnologyHardwareStoragePeriph"
"1915	NTCT	CommunicationsEquipment"
"1916	NTES	Entertainment"
"1917	NTGR	CommunicationsEquipment"
"1918	NTIC	Chemicals"
"1919	NTIP	CommunicationsEquipment"
"1920	NTP	RealEstateManagementDevelopment"
"1921	NTRS	CapitalMarkets"
"1922	NTWK	Software"
"1923	NTZ	HouseholdDurables"
"1924	NUAN	TelecomServices"
"1925	NUE	MetalsMining"
"1926	NUO	ETF"
"1927	NURO	HealthCareEquipmentSupplies"
"1928	NUS	PersonalProducts"
"1929	NUV	ETF"
"1930	NUVA	HealthCareEquipmentSupplies"
"1931	NUW	ETF"
"1932	NVAX	Biotechnology"
"1933	NVCN	HealthCareEquipmentSupplies"
"1934	NVDA	SemiconductorsSemiconductorEquipment"
"1935	NVEC	SemiconductorsSemiconductorEquipment"
"1936	NVG	ETF"
"1937	NVGS	OilGasConsumableFuels"
"1938	NVMI	SemiconductorsSemiconductorEquipment"
"1939	NVO	Pharmaceuticals"
"1940	NVR	HouseholdDurables"
"1941	NVS	Pharmaceuticals"
"1942	NWBI	ThriftsMortgageFinance"
"1943	NWE	MultiUtilities"
"1944	NWFL	Banks"
"1945	NWG	Banks"
"1946	NWL	HouseholdDurables"
"1947	NWLI	Insurance"
"1948	NWN	GasUtilities"
"1949	NWPX	ConstructionEngineering"
"1950	NX	BuildingProducts"
"1951	NXC	ETF"
"1952	NXDT	EquityRealEstateInvestmentTrusts"
"1953	NXGN	HealthCareTechnology"
"1954	NXJ	Software"
"1955	NXN	ETF"
"1956	NXP	SemiconductorsSemiconductorEquipment"
"1957	NXST	Media"
"1958	NYCB	ThriftsMortgageFinance"
"1959	NYMT	MortgageRealEstateInvestmentTrust"
"1960	NYMX	Biotechnology"
"1961	NYT	Media"
"1962	NZF	ETF"
"1963	O	EquityRealEstateInvestmentTrusts"
"1964	OBLG	SoftwareApplication"
"1965	OBT	BanksRegional"
"1966	OC	BuildingProducts"
"1967	OCC	CommunicationsEquipment"
"1968	OCFC	ThriftsMortgageFinance"
"1969	OCN	ThriftsMortgageFinance"
"1970	OCSL	CapitalMarkets"
"1971	OCUP	Biotechnology"
"1972	ODC	HouseholdProducts"
"1973	ODFL	RoadRail"
"1974	ODP	SpecialtyRetail"
"1975	OESX	ElectricalEquipment"
"1976	OFC	EquityRealEstateInvestmentTrusts"
"1977	OFG	Banks"
"1978	OFIX	HealthCareEquipmentSupplies"
"1979	OFLX	Machinery"
"1980	OGE	ElectricUtilities"
"1981	OGEN	Biotechnology"
"1982	OHI	EquityRealEstateInvestmentTrusts"
"1983	OI	ContainersPackaging"
"1984	OIA	ETF"
"1985	OII	EnergyEquipmentServices"
"1986	OIIM	SemiconductorsSemiconductorEquipment"
"1987	OIS	EnergyEquipmentServices"
"1988	OKE	OilGasConsumableFuels"
"1989	OLED	SemiconductorsSemiconductorEquipment"
"1990	OLN	Chemicals"
"1991	OLP	EquityRealEstateInvestmentTrusts"
"1992	OMAB	TransportationInfrastructure"
"1993	OMC	Media"
"1994	OMCL	HealthCareTechnology"
"1995	OMER	Pharmaceuticals"
"1996	OMEX	CommercialServicesSupplies"
"1997	OMI	HealthCareProvidersServices"
"1998	ONB	Banks"
"1999	ONCT	Biotechnology"
"2000	ONCY	Biotechnology"
"2001	OPBK	ThriftsMortgageFinance"
"2002	OPCH	MedicalCareFacilities"
"2003	OPHC	Banks"
"2004	OPI	EquityRealEstateInvestmentTrusts"
"2005	OPK	Biotechnology"
"2006	OPNT	Pharmaceuticals"
"2007	OPOF	Banks"
"2008	OPRX	HealthCareTechnology"
"2009	OPTT	ElectricalEquipment"
"2010	OPY	CapitalMarkets"
"2011	ORA	IndependentPowerandRenewableElect"
"2012	ORAN	DiversifiedTelecommunicationServices"
"2013	ORCL	Software"
"2014	ORI	Insurance"
"2015	ORLY	SpecialtyRetail"
"2016	ORMP	Pharmaceuticals"
"2017	ORN	ConstructionEngineering"
"2018	ORRF	Banks"
"2019	OSBC	Banks"
"2020	OSIS	ElectronicEquipmentInstrumentsC"
"2021	OSK	Machinery"
"2022	OSPN	Software"
"2023	OSTK	InternetDirectMarketingRetail"
"2024	OSUR	HealthCareEquipmentSupplies"
"2025	OTEX	Software"
"2026	OTRK	HealthCareProvidersServices"
"2027	OTTR	ElectricUtilities"
"2028	OVBC	Banks"
"2029	OVLY	Banks"
"2030	OVV	OilGasConsumableFuels"
"2031	OXM	TextilesApparelLuxuryGoods"
"2032	OXSQ	CapitalMarkets"
"2033	OXY	OilGasConsumableFuels"
"2034	OZK	Banks"
"2035	PAA	OilGasConsumableFuels"
"2036	PAAS	MetalsMining"
"2037	PAC	TransportationInfrastructure"
"2038	PACW	Banks"
"2039	PAG	SpecialtyRetail"
"2040	PAI	ETF"
"2041	PALI	Biotechnology"
"2042	PALT	SoftwareApplication"
"2043	PAM	ElectricUtilities"
"2044	PAR	ElectronicEquipmentInstrumentsC"
"2045	PATK	BuildingProducts"
"2046	PAYS	ITServices"
"2047	PAYX	ITServices"
"2048	PB	Banks"
"2049	PBH	Pharmaceuticals"
"2050	PBHC	Banks"
"2051	PBI	CommercialServicesSupplies"
"2052	PBR	OilGasConsumableFuels"
"2053	PBT	OilGasConsumableFuels"
"2054	PCAR	Machinery"
"2055	PCF	ETF"
"2056	PCG	ElectricUtilities"
"2057	PCH	EquityRealEstateInvestmentTrusts"
"2058	PCK	ETF"
"2059	PCM	ETF"
"2060	PCN	ETF"
"2061	PCQ	ETF"
"2062	PCTI	CommunicationsEquipment"
"2063	PCYG	Software"
"2064	PCYO	WaterUtilities"
"2065	PDCE	OilGasConsumableFuels"
"2066	PDCO	HealthCareProvidersServices"
"2067	PDEX	HealthCareEquipmentSupplies"
"2068	PDFS	SemiconductorsSemiconductorEquipment"
"2069	PDS	EnergyEquipmentServices"
"2070	PDT	ETF"
"2071	PEAK	EquityRealEstateInvestmentTrusts"
"2072	PEB	EquityRealEstateInvestmentTrusts"
"2073	PEBK	Banks"
"2074	PEBO	Banks"
"2075	PED	OilGasConsumableFuels"
"2076	PEG	MultiUtilities"
"2077	PEGA	Software"
"2078	PEI	EquityRealEstateInvestmentTrusts"
"2079	PENN	HotelsRestaurantsLeisure"
"2080	PEO	ETF"
"2081	PEP	Beverages"
"2082	PERI	Media"
"2083	PESI	CommercialServicesSupplies"
"2084	PETS	InternetDirectMarketingRetail"
"2085	PFBC	Banks"
"2086	PFC	ThriftsMortgageFinance"
"2087	PFD	ETF"
"2088	PFE	Pharmaceuticals"
"2089	PFG	Insurance"
"2090	PFIN	HouseholdDurables"
"2091	PFIS	Banks"
"2092	PFL	ETF"
"2093	PFN	ETF"
"2094	PFO	ETF"
"2095	PFS	ThriftsMortgageFinance"
"2096	PFSW	ITServices"
"2097	PG	HouseholdProducts"
"2098	PGC	Banks"
"2099	PGP	ETF"
"2100	PGR	Insurance"
"2101	PGTI	BuildingProducts"
"2102	PH	Machinery"
"2103	PHD	ETF"
"2104	PHG	HealthCareEquipmentSupplies"
"2105	PHI	WirelessTelecommunicationServices"
"2106	PHK	ETF"
"2107	PHM	HouseholdDurables"
"2108	PHT	ETF"
"2109	PHX	OilGasConsumableFuels"
"2110	PII	LeisureProducts"
"2111	PIM	ETF"
"2112	PIPR	CapitalMarkets"
"2113	PKBK	Banks"
"2114	PKE	AerospaceDefense"
"2115	PKG	ContainersPackaging"
"2116	PKI	LifeSciencesToolsServices"
"2117	PKOH	Machinery"
"2118	PKX	MetalsMining"
"2119	PLAB	SemiconductorsSemiconductorEquipment"
"2120	PLAG	FoodProducts"
"2121	PLBC	Banks"
"2122	PLCE	SpecialtyRetail"
"2123	PLD	EquityRealEstateInvestmentTrusts"
"2124	PLG	MetalsMining"
"2125	PLM	MetalsMining"
"2126	PLPC	ElectricalEquipment"
"2127	PLUG	ElectricalEquipment"
"2128	PLUS	ElectronicEquipmentInstrumentsC"
"2129	PLX	Biotechnology"
"2130	PLXS	ElectronicEquipmentInstrumentsC"
"2131	PM	Tobacco"
"2132	PMD	HealthCareProvidersServices"
"2133	PMF	ETF"
"2134	PML	ETF"
"2135	PMM	ETF"
"2136	PMO	ETF"
"2137	PMT	MortgageRealEstateInvestmentTrust"
"2138	PMX	ETF"
"2139	PNBK	Banks"
"2140	PNC	Banks"
"2141	PNF	ETF"
"2142	PNFP	Banks"
"2143	PNI	ETF"
"2144	PNM	ElectricUtilities"
"2145	PNNT	CapitalMarkets"
"2146	PNR	Machinery"
"2147	PNRG	OilGasConsumableFuels"
"2148	PNW	ElectricUtilities"
"2149	PODD	HealthCareEquipmentSupplies"
"2150	POLY	MetalsMining"
"2151	POOL	Distributors"
"2152	POR	ElectricUtilities"
"2153	POWI	SemiconductorsSemiconductorEquipment"
"2154	POWL	ElectricalEquipment"
"2155	PPBI	Banks"
"2156	PPC	FoodProducts"
"2157	PPG	Chemicals"
"2158	PPIH	Machinery"
"2159	PPL	ElectricUtilities"
"2160	PPT	ETF"
"2161	PRA	Insurance"
"2162	PRAA	ConsumerFinance"
"2163	PRDO	DiversifiedConsumerServices"
"2164	PRFT	ITServices"
"2165	PRG	RentalLeasingServices"
"2166	PRGO	Pharmaceuticals"
"2167	PRGS	Software"
"2168	PRIM	ConstructionEngineering"
"2169	PRK	Banks"
"2170	PRMW	Beverages"
"2171	PRO	Software"
"2172	PROV	ThriftsMortgageFinance"
"2173	PRPH	Pharmaceuticals"
"2174	PRSO	SemiconductorsSemiconductorEquipment"
"2175	PRTG	Biotechnology"
"2176	PRTK	Pharmaceuticals"
"2177	PRTS	InternetDirectMarketingRetail"
"2178	PRU	Insurance"
"2179	PSA	EquityRealEstateInvestmentTrusts"
"2180	PSEC	CapitalMarkets"
"2181	PSMT	FoodStaplesRetailing"
"2182	PSO	Media"
"2183	PSTV	Biotechnology"
"2184	PTC	Software"
"2185	PTE	Biotechnology"
"2186	PTEN	EnergyEquipmentServices"
"2187	PTMN	CapitalMarkets"
"2188	PTN	Biotechnology"
"2189	PTNR	WirelessTelecommunicationServices"
"2190	PTR	OilGasConsumableFuels"
"2191	PTRS	Banks"
"2192	PTSI	RoadRail"
"2193	PTY	ETF"
"2194	PUK	Insurance"
"2195	PVH	TextilesApparelLuxuryGoods"
"2196	PW	EquityRealEstateInvestmentTrusts"
"2197	PWFL	ElectronicEquipmentInstrumentsC"
"2198	PWOD	Banks"
"2199	PWR	ConstructionEngineering"
"2200	PXD	OilGasConsumableFuels"
"2201	PXLW	SemiconductorsSemiconductorEquipment"
"2202	PYN	ETF"
"2203	PYS	Software"
"2204	PYT	ETF"
"2205	PZC	ETF"
"2206	PZN	CapitalMarkets"
"2207	PZZA	HotelsRestaurantsLeisure"
"2208	QCOM	SemiconductorsSemiconductorEquipment"
"2209	QCRH	Banks"
"2210	QDEL	HealthCareEquipmentSupplies"
"2211	QGEN	LifeSciencesToolsServices"
"2212	QMCO	TechnologyHardwareStoragePeriph"
"2213	QQQX	ETF"
"2214	QRHC	CommercialServicesSupplies"
"2215	QRTEA	InternetDirectMarketingRetail"
"2216	QRTEB	InternetDirectMarketingRetail"
"2217	QUBT	ComputerHardware"
"2218	QUIK	SemiconductorsSemiconductorEquipment"
"2219	QUMU	Software"
"2220	R	RoadRail"
"2221	RAD	FoodStaplesRetailing"
"2222	RADA	AerospaceDefense"
"2223	RAIL	Machinery"
"2224	RAMP	ITServices"
"2225	RAND	CapitalMarkets"
"2226	RAVE	HotelsRestaurantsLeisure"
"2227	RBA	CommercialServicesSupplies"
"2228	RBBN	CommunicationsEquipment"
"2229	RBCAA	Banks"
"2230	RBCN	SemiconductorsSemiconductorEquipment"
"2231	RCAT	ComputerHardware"
"2232	RCG	ETF"
"2233	RCI	WirelessTelecommunicationServices"
"2234	RCII	SpecialtyRetail"
"2235	RCKY	TextilesApparelLuxuryGoods"
"2236	RCL	HotelsRestaurantsLeisure"
"2237	RCMT	ProfessionalServices"
"2238	RCON	EnergyEquipmentServices"
"2239	RCS	ETF"
"2240	RDCM	CommunicationsEquipment"
"2241	RDI	Entertainment"
"2242	RDIB	Entertainment"
"2243	RDN	ThriftsMortgageFinance"
"2244	RDNT	HealthCareProvidersServices"
"2245	RDWR	CommunicationsEquipment"
"2246	RDY	Pharmaceuticals"
"2247	RE	Insurance"
"2248	REED	Beverages"
"2249	REFR	ElectronicEquipmentInstrumentsC"
"2250	REG	EquityRealEstateInvestmentTrusts"
"2251	REGN	Biotechnology"
"2252	REI	OilGasConsumableFuels"
"2253	RELL	ElectronicEquipmentInstrumentsC"
"2254	RELX	ProfessionalServices"
"2255	REPX	OilGasConsumableFuels"
"2256	RES	EnergyEquipmentServices"
"2257	REV	PersonalProducts"
"2258	REX	OilGasConsumableFuels"
"2259	RF	Banks"
"2260	RFI	ETF"
"2261	RFIL	ElectronicEquipmentInstrumentsC"
"2262	RGA	Insurance"
"2263	RGCO	GasUtilities"
"2264	RGEN	LifeSciencesToolsServices"
"2265	RGLD	MetalsMining"
"2266	RGP	OilGasConsumableFuels"
"2267	RGR	LeisureProducts"
"2268	RGS	DiversifiedConsumerServices"
"2269	RHI	ProfessionalServices"
"2270	RHP	EquityRealEstateInvestmentTrusts"
"2271	RIBT	FoodProducts"
"2272	RICK	HotelsRestaurantsLeisure"
"2273	RIG	EnergyEquipmentServices"
"2274	RIGL	Biotechnology"
"2275	RILY	CapitalMarkets"
"2276	RIO	MetalsMining"
"2277	RJF	CapitalMarkets"
"2278	RL	TextilesApparelLuxuryGoods"
"2279	RLGT	AirFreightLogistics"
"2280	RLI	Insurance"
"2281	RMBS	SemiconductorsSemiconductorEquipment"
"2282	RMCF	FoodProducts"
"2283	RMD	HealthCareEquipmentSupplies"
"2284	RMT	ETF"
"2285	RMTI	HealthCareEquipmentSupplies"
"2286	RNP	ETF"
"2287	RNR	Insurance"
"2288	RNST	Banks"
"2289	RNWK	Software"
"2290	ROCK	BuildingProducts"
"2291	ROG	ElectronicEquipmentInstrumentsC"
"2292	ROIC	EquityRealEstateInvestmentTrusts"
"2293	ROK	ElectricalEquipment"
"2294	ROL	CommercialServicesSupplies"
"2295	ROLL	Machinery"
"2296	ROP	IndustrialConglomerates"
"2297	ROST	SpecialtyRetail"
"2298	RPM	Chemicals"
"2299	RPT	EquityRealEstateInvestmentTrusts"
"2300	RQI	ETF"
"2301	RRC	OilGasConsumableFuels"
"2302	RRGB	HotelsRestaurantsLeisure"
"2303	RRX	SpecialtyIndustrialMachinery"
"2304	RS	MetalsMining"
"2305	RSG	CommercialServicesSupplies"
"2306	RTX	AerospaceDefense"
"2307	RUSHA	TradingCompaniesDistributors"
"2308	RUSHB	AutoTruckDealerships"
"2309	RUTH	HotelsRestaurantsLeisure"
"2310	RVP	HealthCareEquipmentSupplies"
"2311	RVSB	ThriftsMortgageFinance"
"2312	RVT	ETF"
"2313	RWT	MortgageRealEstateInvestmentTrust"
"2314	RY	Banks"
"2315	RYAAY	Airlines"
"2316	RYN	EquityRealEstateInvestmentTrusts"
"2317	SA	MetalsMining"
"2318	SAFT	Insurance"
"2319	SAH	SpecialtyRetail"
"2320	SAIA	RoadRail"
"2321	SAL	Banks"
"2322	SALM	Media"
"2323	SAM	Beverages"
"2324	SAN	Banks"
"2325	SANM	ElectronicEquipmentInstrumentsC"
"2326	SAP	Software"
"2327	SAR	CapitalMarkets"
"2328	SASR	Banks"
"2329	SATS	CommunicationsEquipment"
"2330	SAVA	Pharmaceuticals"
"2331	SB	Marine"
"2332	SBAC	EquityRealEstateInvestmentTrusts"
"2333	SBCF	Banks"
"2334	SBET	Gambling"
"2335	SBFG	Banks"
"2336	SBGI	Media"
"2337	SBH	SpecialtyRetail"
"2338	SBI	Banks"
"2339	SBLK	Marine"
"2340	SBNY	Banks"
"2341	SBR	OilGasConsumableFuels"
"2342	SBRA	EquityRealEstateInvestmentTrusts"
"2343	SBS	WaterUtilities"
"2344	SBSI	Banks"
"2345	SBUX	HotelsRestaurantsLeisure"
"2346	SCCO	MetalsMining"
"2347	SCD	ETF"
"2348	SCHL	Media"
"2349	SCHN	MetalsMining"
"2350	SCHW	CapitalMarkets"
"2351	SCI	DiversifiedConsumerServices"
"2352	SCKT	TechnologyHardwareStoragePeriph"
"2353	SCL	Chemicals"
"2354	SCOR	Media"
"2355	SCS	CommercialServicesSupplies"
"2356	SCSC	ElectronicEquipmentInstrumentsC"
"2357	SCU	CapitalMarkets"
"2358	SCVL	SpecialtyRetail"
"2359	SCX	Machinery"
"2360	SEAC	Software"
"2361	SEB	FoodProducts"
"2362	SEED	FoodProducts"
"2363	SEEL	Pharmaceuticals"
"2364	SEIC	CapitalMarkets"
"2365	SELF	EquityRealEstateInvestmentTrusts"
"2366	SEM	HealthCareProvidersServices"
"2367	SENEA	FoodProducts"
"2368	SENEB	FoodProducts"
"2369	SEVN	REITMortgage"
"2370	SF	CapitalMarkets"
"2371	SFBC	Banks"
"2372	SFE	CapitalMarkets"
"2373	SFL	OilGasConsumableFuels"
"2374	SFNC	Banks"
"2375	SFST	Banks"
"2376	SGA	Media"
"2377	SGC	TextilesApparelLuxuryGoods"
"2378	SGEN	Biotechnology"
"2379	SGMA	ElectronicEquipmentInstrumentsC"
"2380	SGMO	Biotechnology"
"2381	SGRP	Media"
"2382	SGU	GasUtilities"
"2383	SHBI	Banks"
"2384	SHEN	WirelessTelecommunicationServices"
"2385	SHG	Banks"
"2386	SHI	OilGasConsumableFuels"
"2387	SHIP	Marine"
"2388	SHO	EquityRealEstateInvestmentTrusts"
"2389	SHOO	TextilesApparelLuxuryGoods"
"2390	SHW	Chemicals"
"2391	SHYF	Machinery"
"2392	SID	MetalsMining"
"2393	SIEB	CapitalMarkets"
"2394	SIF	AerospaceDefense"
"2395	SIFY	DiversifiedTelecommunicationServices"
"2396	SIG	SpecialtyRetail"
"2397	SIGA	Pharmaceuticals"
"2398	SIGI	Insurance"
"2399	SILC	CommunicationsEquipment"
"2400	SIM	MetalsMining"
"2401	SIMO	SemiconductorsSemiconductorEquipment"
"2402	SIRI	Media"
"2403	SITC	EquityRealEstateInvestmentTrusts"
"2404	SIVB	Banks"
"2405	SJI	GasUtilities"
"2406	SJM	FoodProducts"
"2407	SJR	Media"
"2408	SJT	OilGasConsumableFuels"
"2409	SJW	WaterUtilities"
"2410	SKE	OtherIndustrialMetalsMining"
"2411	SKM	WirelessTelecommunicationServices"
"2412	SKT	EquityRealEstateInvestmentTrusts"
"2413	SKX	TextilesApparelLuxuryGoods"
"2414	SKY	HouseholdDurables"
"2415	SKYW	Airlines"
"2416	SLAB	SemiconductorsSemiconductorEquipment"
"2417	SLB	EnergyEquipmentServices"
"2418	SLF	Insurance"
"2419	SLG	EquityRealEstateInvestmentTrusts"
"2420	SLGN	ContainersPackaging"
"2421	SLM	ConsumerFinance"
"2422	SLMBP	ETF"
"2423	SLNG	OilGasConsumableFuels"
"2424	SLNH	InformationTechnologyServices"
"2425	SLP	HealthCareTechnology"
"2426	SLS	Biotechnology"
"2427	SM	OilGasConsumableFuels"
"2428	SMBC	ThriftsMortgageFinance"
"2429	SMBK	Banks"
"2430	SMCI	TechnologyHardwareStoragePeriph"
"2431	SMED	HealthCareProvidersServices"
"2432	SMFG	Banks"
"2433	SMG	Chemicals"
"2434	SMID	ConstructionMaterials"
"2435	SMIT	ElectronicEquipmentInstrumentsC"
"2436	SMMF	Banks"
"2437	SMP	AutoComponents"
"2438	SMSI	Software"
"2439	SMTC	SemiconductorsSemiconductorEquipment"
"2440	SMTI	MedicalInstrumentsSupplies"
"2441	SMTS	MetalsMining"
"2442	SNA	Machinery"
"2443	SNBR	SpecialtyRetail"
"2444	SNCR	Software"
"2445	SNDA	MedicalCareFacilities"
"2446	SNEX	CapitalMarkets"
"2447	SNFCA	ThriftsMortgageFinance"
"2448	SNGX	Biotechnology"
"2449	SNMP	OilGasConsumableFuels"
"2450	SNN	HealthCareEquipmentSupplies"
"2451	SNOA	Pharmaceuticals"
"2452	SNP	PetroleumRefineries"
"2453	SNPS	Software"
"2454	SNT	ElectronicEquipmentInstrumentsC"
"2455	SNV	Banks"
"2456	SNX	ElectronicEquipmentInstrumentsC"
"2457	SNY	Pharmaceuticals"
"2458	SOHO	EquityRealEstateInvestmentTrusts"
"2459	SOHU	InteractiveMediaServices"
"2460	SOL	ConstructionEngineering"
"2461	SON	ContainersPackaging"
"2462	SONN	Biotechnology"
"2463	SONY	HouseholdDurables"
"2464	SOR	ETF"
"2465	SOTK	ElectronicEquipmentInstrumentsC"
"2466	SP	CommercialServicesSupplies"
"2467	SPB	HouseholdProducts"
"2468	SPCB	ElectronicEquipmentInstrumentsC"
"2469	SPE	ETF"
"2470	SPG	EquityRealEstateInvestmentTrusts"
"2471	SPH	GasUtilities"
"2472	SPNS	Software"
"2473	SPOK	WirelessTelecommunicationServices"
"2474	SPPI	Biotechnology"
"2475	SPR	AerospaceDefense"
"2476	SPTN	FoodStaplesRetailing"
"2477	SPWR	SemiconductorsSemiconductorEquipment"
"2478	SPXC	Machinery"
"2479	SPXX	ETF"
"2480	SQM	Chemicals"
"2481	SR	GasUtilities"
"2482	SRCE	Banks"
"2483	SRCL	CommercialServicesSupplies"
"2484	SRDX	HealthCareEquipmentSupplies"
"2485	SRE	MultiUtilities"
"2486	SRGA	MedicalDevices"
"2487	SRI	AutoComponents"
"2488	SRL	CapitalMarkets"
"2489	SRNE	Biotechnology"
"2490	SRPT	Biotechnology"
"2491	SRT	ITServices"
"2492	SRV	ETF"
"2493	SSB	Banks"
"2494	SSBI	Banks"
"2495	SSD	BuildingProducts"
"2496	SSKN	HealthCareEquipmentSupplies"
"2497	SSL	Chemicals"
"2498	SSP	Media"
"2499	SSRM	MetalsMining"
"2500	SSY	HealthCareProvidersServices"
"2501	SSYS	TechnologyHardwareStoragePeriph"
"2502	STAA	HealthCareEquipmentSupplies"
"2503	STAB	Biotechnology"
"2504	STAR	EquityRealEstateInvestmentTrusts"
"2505	STBA	Banks"
"2506	STC	Insurance"
"2507	STCN	ITServices"
"2508	STE	HealthCareEquipmentSupplies"
"2509	STGW	AdvertisingAgencies"
"2510	STK	ETF"
"2511	STKL	FoodProducts"
"2512	STLD	MetalsMining"
"2513	STM	SemiconductorsSemiconductorEquipment"
"2514	STN	ProfessionalServices"
"2515	STON	DiversifiedConsumerServices"
"2516	STRA	DiversifiedConsumerServices"
"2517	STRL	ConstructionEngineering"
"2518	STRM	HealthCareTechnology"
"2519	STRR	DiagnosticsResearch"
"2520	STRS	RealEstateManagementDevelopment"
"2521	STRT	AutoComponents"
"2522	STT	CapitalMarkets"
"2523	STWD	MortgageRealEstateInvestmentTrust"
"2524	STX	TechnologyHardwareStoragePeriph"
"2525	STXS	HealthCareEquipmentSupplies"
"2526	STZ	Beverages"
"2527	SU	OilGasConsumableFuels"
"2528	SUI	EquityRealEstateInvestmentTrusts"
"2529	SUP	AutoComponents"
"2530	SUZ	PaperForestProducts"
"2531	SVC	EquityRealEstateInvestmentTrusts"
"2532	SVT	ElectricalEquipment"
"2533	SWBI	LeisureProducts"
"2534	SWIR	CommunicationsEquipment"
"2535	SWK	Machinery"
"2536	SWKH	DiversifiedFinancialServices"
"2537	SWKS	SemiconductorsSemiconductorEquipment"
"2538	SWN	OilGasConsumableFuels"
"2539	SWX	GasUtilities"
"2540	SWZ	ETF"
"2541	SXI	Machinery"
"2542	SXT	Chemicals"
"2543	SYBT	Banks"
"2544	SYK	HealthCareEquipmentSupplies"
"2545	SYN	EnergyEquipmentServices"
"2546	SYNA	SemiconductorsSemiconductorEquipment"
"2547	SYNL	MetalsMining"
"2548	SYPR	AutoComponents"
"2549	SYY	FoodStaplesRetailing"
"2550	T	DiversifiedTelecommunicationServices"
"2551	TA	SpecialtyRetail"
"2552	TAC	IndependentPowerandRenewableElect"
"2553	TACT	TechnologyHardwareStoragePeriph"
"2554	TAIT	ElectronicEquipmentInstrumentsC"
"2555	TAK	Pharmaceuticals"
"2556	TAOP	ITServices"
"2557	TAP	Beverages"
"2558	TARO	Pharmaceuticals"
"2559	TAST	HotelsRestaurantsLeisure"
"2560	TATT	AerospaceDefense"
"2561	TAYD	Machinery"
"2562	TBBK	Banks"
"2563	TBI	ProfessionalServices"
"2564	TBNK	ThriftsMortgageFinance"
"2565	TCBI	Banks"
"2566	TCBK	Banks"
"2567	TCFC	Banks"
"2568	TCI	RealEstateManagementDevelopment"
"2569	TCOM	InternetDirectMarketingRetail"
"2570	TCX	ITServices"
"2571	TD	Banks"
"2572	TDC	Software"
"2573	TDF	ETF"
"2574	TDG	AerospaceDefense"
"2575	TDS	WirelessTelecommunicationServices"
"2576	TDW	EnergyEquipmentServices"
"2577	TDY	AerospaceDefense"
"2578	TECK	MetalsMining"
"2579	TEF	DiversifiedTelecommunicationServices"
"2580	TEI	ETF"
"2581	TEL	ElectronicEquipmentInstrumentsC"
"2582	TEN	AutoComponents"
"2583	TENX	Biotechnology"
"2584	TEO	DiversifiedTelecommunicationServices"
"2585	TER	SemiconductorsSemiconductorEquipment"
"2586	TESS	CommunicationsEquipment"
"2587	TEVA	Pharmaceuticals"
"2588	TEX	Machinery"
"2589	TFC	Banks"
"2590	TFII	RoadRail"
"2591	TFSL	ThriftsMortgageFinance"
"2592	TFX	HealthCareEquipmentSupplies"
"2593	TG	Chemicals"
"2594	TGA	OilGasConsumableFuels"
"2595	TGB	MetalsMining"
"2596	TGH	TradingCompaniesDistributors"
"2597	TGI	AerospaceDefense"
"2598	TGNA	Media"
"2599	TGS	OilGasConsumableFuels"
"2600	TGT	MultilineRetail"
"2601	THC	HealthCareProvidersServices"
"2602	THFF	Banks"
"2603	THG	Insurance"
"2604	THM	MetalsMining"
"2605	THMO	HealthCareEquipmentSupplies"
"2606	THO	Automobiles"
"2607	THRM	AutoComponents"
"2608	THS	FoodProducts"
"2609	THTX	Biotechnology"
"2610	TILE	CommercialServicesSupplies"
"2611	TIMB	TelecomServices"
"2612	TISI	CommercialServicesSupplies"
"2613	TITN	TradingCompaniesDistributors"
"2614	TJX	SpecialtyRetail"
"2615	TK	OilGasConsumableFuels"
"2616	TKC	WirelessTelecommunicationServices"
"2617	TKR	Machinery"
"2618	TLK	DiversifiedTelecommunicationServices"
"2619	TM	Automobiles"
"2620	TMDI	HealthCareEquipmentSupplies"
"2621	TMO	LifeSciencesToolsServices"
"2622	TMP	Banks"
"2623	TMUS	WirelessTelecommunicationServices"
"2624	TNC	Machinery"
"2625	TNK	OilGasConsumableFuels"
"2626	TNL	HotelsRestaurantsLeisure"
"2627	TNP	OilGasConsumableFuels"
"2628	TOL	HouseholdDurables"
"2629	TOMZ	CommercialServicesSupplies"
"2630	TOPS	OilGasConsumableFuels"
"2631	TOWN	Banks"
"2632	TPC	ConstructionEngineering"
"2633	TPL	OilGasConsumableFuels"
"2634	TPR	TextilesApparelLuxuryGoods"
"2635	TPX	HouseholdDurables"
"2636	TPZ	EnergyEquipmentServices"
"2637	TR	FoodProducts"
"2638	TRC	RealEstateManagementDevelopment"
"2639	TREE	ThriftsMortgageFinance"
"2640	TREX	BuildingProducts"
"2641	TRI	ProfessionalServices"
"2642	TRIB	HealthCareEquipmentSupplies"
"2643	TRMB	ElectronicEquipmentInstrumentsC"
"2644	TRMK	Banks"
"2645	TRN	Machinery"
"2646	TRNS	TradingCompaniesDistributors"
"2647	TROO	SoftwareApplication"
"2648	TROW	CapitalMarkets"
"2649	TRP	OilGasConsumableFuels"
"2650	TRQ	MetalsMining"
"2651	TRS	Machinery"
"2652	TRST	ThriftsMortgageFinance"
"2653	TRT	SemiconductorsSemiconductorEquipment"
"2654	TRTN	TradingCompaniesDistributors"
"2655	TRV	Insurance"
"2656	TRX	MetalsMining"
"2657	TS	EnergyEquipmentServices"
"2658	TSAT	CommunicationEquipment"
"2659	TSBK	ThriftsMortgageFinance"
"2660	TSCO	SpecialtyRetail"
"2661	TSEM	SemiconductorsSemiconductorEquipment"
"2662	TSI	ETF"
"2663	TSM	SemiconductorsSemiconductorEquipment"
"2664	TSN	FoodProducts"
"2665	TSRI	ITServices"
"2666	TT	BuildingProducts"
"2667	TTC	Machinery"
"2668	TTE	OilGasConsumableFuels"
"2669	TTEC	ITServices"
"2670	TTEK	CommercialServicesSupplies"
"2671	TTGT	Media"
"2672	TTI	EnergyEquipmentServices"
"2673	TTM	Automobiles"
"2674	TTMI	ElectronicEquipmentInstrumentsC"
"2675	TTNP	Pharmaceuticals"
"2676	TTWO	Entertainment"
"2677	TU	DiversifiedTelecommunicationServices"
"2678	TUP	HouseholdDurables"
"2679	TV	Media"
"2680	TVC	MetalsMining"
"2681	TVE	EnergyEquipmentServices"
"2682	TWI	Machinery"
"2683	TWIN	Machinery"
"2684	TWN	ETF"
"2685	TX	MetalsMining"
"2686	TXMD	Pharmaceuticals"
"2687	TXN	SemiconductorsSemiconductorEquipment"
"2688	TXRH	HotelsRestaurantsLeisure"
"2689	TXT	AerospaceDefense"
"2690	TY	ETF"
"2691	TYG	AssetManagement"
"2692	TYL	Software"
"2693	TZOO	InteractiveMediaServices"
"2694	UAA	TextilesApparelLuxuryGoods"
"2695	UAL	Airlines"
"2696	UAMY	MetalsMining"
"2697	UAVS	Machinery"
"2698	UBA	EquityRealEstateInvestmentTrusts"
"2699	UBFO	Banks"
"2700	UBOH	Banks"
"2701	UBP	EquityRealEstateInvestmentTrusts"
"2702	UBS	CapitalMarkets"
"2703	UBSI	Banks"
"2704	UCBI	Banks"
"2705	UCTT	SemiconductorsSemiconductorEquipment"
"2706	UDR	EquityRealEstateInvestmentTrusts"
"2707	UEC	OilGasConsumableFuels"
"2708	UEIC	HouseholdDurables"
"2709	UFCS	Insurance"
"2710	UFI	TextilesApparelLuxuryGoods"
"2711	UFPI	BuildingProducts"
"2712	UFPT	ContainersPackaging"
"2713	UG	PersonalProducts"
"2714	UGI	GasUtilities"
"2715	UGP	OilGasConsumableFuels"
"2716	UHAL	RoadRail"
"2717	UHS	HealthCareProvidersServices"
"2718	UHT	EquityRealEstateInvestmentTrusts"
"2719	UIHC	Insurance"
"2720	UIS	ITServices"
"2721	UL	PersonalProducts"
"2722	ULBI	ElectricalEquipment"
"2723	ULH	RoadRail"
"2724	ULTA	SpecialtyRetail"
"2725	UMBF	Banks"
"2726	UMC	SemiconductorsSemiconductorEquipment"
"2727	UMH	EquityRealEstateInvestmentTrusts"
"2728	UMPQ	Banks"
"2729	UNAM	Insurance"
"2730	UNB	Banks"
"2731	UNF	CommercialServicesSupplies"
"2732	UNH	HealthCareProvidersServices"
"2733	UNM	Insurance"
"2734	UNP	RoadRail"
"2735	UNTY	Banks"
"2736	UONE	Media"
"2737	UONEK	Media"
"2738	UPS	AirFreightLogistics"
"2739	URBN	SpecialtyRetail"
"2740	URG	OilGasConsumableFuels"
"2741	URI	TradingCompaniesDistributors"
"2742	USA	ETF"
"2743	USAK	FurnishingsFixturesAppliances"
"2744	USAP	MetalsMining"
"2745	USAS	MetalsMining"
"2746	USAU	MetalsMining"
"2747	USB	Banks"
"2748	USEG	OilGasConsumableFuels"
"2749	USIO	ITServices"
"2750	USLM	ConstructionMaterials"
"2751	USM	WirelessTelecommunicationServices"
"2752	USNA	PersonalProducts"
"2753	USPH	HealthCareProvidersServices"
"2754	UTF	ETF"
"2755	UTG	ETF"
"2756	UTHR	Biotechnology"
"2757	UTI	DiversifiedConsumerServices"
"2758	UTL	MultiUtilities"
"2759	UTMD	HealthCareEquipmentSupplies"
"2760	UTSI	CommunicationsEquipment"
"2761	UUU	ElectronicEquipmentInstrumentsC"
"2762	UUUU	OilGasConsumableFuels"
"2763	UVE	Insurance"
"2764	UVSP	Banks"
"2765	UVV	Tobacco"
"2766	V	ITServices"
"2767	VABK	Banks"
"2768	VALE	MetalsMining"
"2769	VALU	CapitalMarkets"
"2770	VATE	EngineeringConstruction"
"2771	VBF	ETF"
"2772	VBFC	Banks"
"2773	VCEL	Biotechnology"
"2774	VCV	ETF"
"2775	VECO	SemiconductorsSemiconductorEquipment"
"2776	VEON	WirelessTelecommunicationServices"
"2777	VERU	PersonalProducts"
"2778	VFC	TextilesApparelLuxuryGoods"
"2779	VFL	ETF"
"2780	VGM	ETF"
"2781	VGR	Tobacco"
"2782	VGZ	MetalsMining"
"2783	VHC	Software"
"2784	VHI	Chemicals"
"2785	VIAV	CommunicationsEquipment"
"2786	VICR	ElectricalEquipment"
"2787	VIRC	CommercialServicesSupplies"
"2788	VIRX	Biotechnology"
"2789	VIV	TelecomServices"
"2790	VIVO	HealthCareEquipmentSupplies"
"2791	VKI	ETF"
"2792	VKQ	ETF"
"2793	VLGEA	FoodStaplesRetailing"
"2794	VLO	OilGasConsumableFuels"
"2795	VLT	ETF"
"2796	VLY	Banks"
"2797	VMC	ConstructionMaterials"
"2798	VMI	ConstructionEngineering"
"2799	VMO	ETF"
"2800	VMW	Software"
"2801	VNDA	Biotechnology"
"2802	VNO	EquityRealEstateInvestmentTrusts"
"2803	VOD	WirelessTelecommunicationServices"
"2804	VOXX	HouseholdDurables"
"2805	VPV	ETF"
"2806	VRE	REITResidential"
"2807	VRME	ElectronicEquipmentInstrumentsC"
"2808	VRNT	Software"
"2809	VRSK	ProfessionalServices"
"2810	VRSN	ITServices"
"2811	VRTS	CapitalMarkets"
"2812	VRTX	Biotechnology"
"2813	VSAT	CommunicationsEquipment"
"2814	VSEC	CommercialServicesSupplies"
"2815	VSH	ElectronicEquipmentInstrumentsC"
"2816	VTN	ETF"
"2817	VTNR	OilGasConsumableFuels"
"2818	VTR	EquityRealEstateInvestmentTrusts"
"2819	VTRS	Pharmaceuticals"
"2820	VVI	CommercialServicesSupplies"
"2821	VVR	ETF"
"2822	VWTR	WaterUtilities"
"2823	VXRT	Biotechnology"
"2824	VZ	DiversifiedTelecommunicationServices"
"2825	WAB	Machinery"
"2826	WABC	Banks"
"2827	WAFD	ThriftsMortgageFinance"
"2828	WAL	Banks"
"2829	WAT	LifeSciencesToolsServices"
"2830	WAVD	InformationTechnologyServices"
"2831	WBA	FoodStaplesRetailing"
"2832	WBS	Banks"
"2833	WCC	TradingCompaniesDistributors"
"2834	WCN	CommercialServicesSupplies"
"2835	WDC	TechnologyHardwareStoragePeriph"
"2836	WDFC	HouseholdProducts"
"2837	WEA	ETF"
"2838	WEC	MultiUtilities"
"2839	WEN	HotelsRestaurantsLeisure"
"2840	WERN	RoadRail"
"2841	WETF	CapitalMarkets"
"2842	WEX	ITServices"
"2843	WEYS	Distributors"
"2844	WF	Banks"
"2845	WFC	Banks"
"2846	WFCF	Software"
"2847	WFG	PaperForestProducts"
"2848	WGO	Automobiles"
"2849	WHG	CapitalMarkets"
"2850	WHLM	CommercialServicesSupplies"
"2851	WHR	HouseholdDurables"
"2852	WIA	ETF"
"2853	WILC	FoodStaplesRetailing"
"2854	WINA	SpecialtyRetail"
"2855	WINT	Biotechnology"
"2856	WIRE	ElectricalEquipment"
"2857	WIT	ITServices"
"2858	WIW	ETF"
"2859	WKSP	AutoParts"
"2860	WLDN	ProfessionalServices"
"2861	WLFC	TradingCompaniesDistributors"
"2862	WLK	Chemicals"
"2863	WM	CommercialServicesSupplies"
"2864	WMB	OilGasConsumableFuels"
"2865	WMK	FoodStaplesRetailing"
"2866	WMPN	ThriftsMortgageFinance"
"2867	WMT	FoodStaplesRetailing"
"2868	WNC	Machinery"
"2869	WNEB	ThriftsMortgageFinance"
"2870	WNS	ITServices"
"2871	WOLF	Semiconductors"
"2872	WOR	MetalsMining"
"2873	WPC	EquityRealEstateInvestmentTrusts"
"2874	WPM	MetalsMining"
"2875	WPP	Media"
"2876	WPRT	Machinery"
"2877	WRB	Insurance"
"2878	WRE	EquityRealEstateInvestmentTrusts"
"2879	WRLD	ConsumerFinance"
"2880	WRN	MetalsMining"
"2881	WSBC	Banks"
"2882	WSBF	ThriftsMortgageFinance"
"2883	WSFS	ThriftsMortgageFinance"
"2884	WSM	SpecialtyRetail"
"2885	WSO	TradingCompaniesDistributors"
"2886	WST	HealthCareEquipmentSupplies"
"2887	WSTG	ElectronicEquipmentInstrumentsC"
"2888	WTBA	Banks"
"2889	WTFC	Banks"
"2890	WTI	OilGasConsumableFuels"
"2891	WTM	Insurance"
"2892	WTRG	WaterUtilities"
"2893	WTS	Machinery"
"2894	WTT	ElectronicEquipmentInstrumentsC"
"2895	WU	ITServices"
"2896	WULF	CapitalMarkets"
"2897	WVFC	ETF"
"2898	WVVI	Beverages"
"2899	WW	DiversifiedConsumerServices"
"2900	WWD	Machinery"
"2901	WWE	Entertainment"
"2902	WWR	OilGasConsumableFuels"
"2903	WWW	TextilesApparelLuxuryGoods"
"2904	WY	EquityRealEstateInvestmentTrusts"
"2905	WYNN	HotelsRestaurantsLeisure"
"2906	WYY	ITServices"
"2907	X	MetalsMining"
"2908	XEL	ElectricUtilities"
"2909	XIN	RealEstateManagementDevelopment"
"2910	XOM	OilGasConsumableFuels"
"2911	XOMA	Biotechnology"
"2912	XPL	MetalsMining"
"2913	XPO	AirFreightLogistics"
"2914	XRAY	HealthCareEquipmentSupplies"
"2915	XRX	TechnologyHardwareStoragePeriph"
"2916	XTLB	Biotechnology"
"2917	Y	Insurance"
"2918	YELL	RoadRail"
"2919	YORW	WaterUtilities"
"2920	YPF	OilGasConsumableFuels"
"2921	YTEN	Biotechnology"
"2922	YUM	HotelsRestaurantsLeisure"
"2923	YVR	Entertainment"
"2924	ZBH	HealthCareEquipmentSupplies"
"2925	ZBRA	ElectronicEquipmentInstrumentsC"
"2926	ZD	Software"
"2927	ZEUS	MetalsMining"
"2928	ZION	Banks"
"2929	ZIONP	Banks"
"2930	ZIVO	PersonalProducts"
"2931	ZNH	Airlines"
"2932	ZTR	ETF"
"2933	ZUMZ	SpecialtyRetail"
"2934	ZYXI	HealthCareEquipmentSupplies"
